AssignmentGuid,UserName,UserGuid,ProductName,ProductGuid,ProductSku,RequestedAt,ApprovedAt,ReturnDate,Source,ApprovedBy,ApprovalComment,Approved
a00001-demo,tess.muijs@avondrood.local,u00001,PowerBI Pro,p0000-demo-0000-0000-000000000000,20240000DEMO,2026-07-18T11:00:00.000,2026-07-18T15:00:00.000,,Request,Zoë Willems,Conform aanvraag,True
a00002-demo,isa.oosterhuis@avondrood.local,u00002,PowerBI Pro,p0000-demo-0000-0000-000000000000,20240000DEMO,2025-04-13T20:00:00.000,2025-04-15T05:00:00.000,,Request,Tijn Vroegindeweij,Akkoord,True
a00003-demo,mila.dekker2@avondrood.local,u00003,PowerBI Pro,p0000-demo-0000-0000-000000000000,20240000DEMO,2023-07-29T19:00:00.000,2023-07-31T23:00:00.000,2023-12-29T23:00:00,Request,Floris Willems,Ok,True
a00004-demo,finn.uijlenbroek@avondrood.local,u00004,PowerBI Pro,p0000-demo-0000-0000-000000000000,20240000DEMO,2024-12-05T09:00:00.000,2024-12-08T09:00:00.000,,Request,Puck Kalisvaart,"Akkoord, tijdelijk",True
a00005-demo,olivier.hendriks@avondrood.local,u00005,PowerBI Pro,p0000-demo-0000-0000-000000000000,20240000DEMO,2026-01-02T18:00:00.000,2026-01-02T22:00:00.000,,Request,,,
a00006-demo,guusje.vandijk@avondrood.local,u00006,PowerBI Pro,p0000-demo-0000-0000-000000000000,20240000DEMO,2025-05-23T13:00:00.000,2025-05-23T20:00:00.000,,Request,Rens de Graaf,Akkoord – zie ticket,True
a00007-demo,joris.ipenburg@avondrood.local,u00007,PowerBI Pro,p0000-demo-0000-0000-000000000000,20240000DEMO,2023-02-22T01:00:00.000,2023-02-23T10:00:00.000,,Import,Bram Elzinga,Akkoord,True
a00008-demo,ursula.janssen@avondrood.local,u00008,PowerBI Pro,p0000-demo-0000-0000-000000000000,20240000DEMO,2025-09-12T15:00:00.000,2025-09-15T07:00:00.000,,Import,Ursula Nagtegaal,Conform aanvraag,True
a00009-demo,maarten.zomerdijk@avondrood.local,u00009,PowerBI Pro,p0000-demo-0000-0000-000000000000,20240000DEMO,2026-04-07T10:00:00.000,2026-04-08T05:00:00.000,,Request,Fenna de Boer,Akkoord – zie ticket,True
a00010-demo,pien.slootweg@avondrood.local,u00010,PowerBI Pro,p0000-demo-0000-0000-000000000000,20240000DEMO,2023-04-30T02:00:00.000,2023-04-30T14:00:00.000,,Request,,,
a00011-demo,rosa.coenen@avondrood.local,u00011,PowerBI Pro,p0000-demo-0000-0000-000000000000,20240000DEMO,2024-03-21T14:00:00.000,2024-03-23T09:00:00.000,,Request,Bram Elzinga,"Akkoord, tijdelijk",True
a00012-demo,dirk.prins@avondrood.local,u00012,PowerBI Pro,p0000-demo-0000-0000-000000000000,20240000DEMO,2023-01-03T07:00:00.000,2023-01-05T15:00:00.000,,Import,Roos Quaedvlieg,Akkoord – zie ticket,True
a00013-demo,bart.dekker@avondrood.local,u00013,PowerBI Pro,p0000-demo-0000-0000-000000000000,20240000DEMO,2022-11-23T17:00:00.000,2022-11-25T22:00:00.000,,Request,Zoë Willems,Nodig voor de functie,True
a00014-demo,tijn.elzinga@avondrood.local,u00014,PowerBI Pro,p0000-demo-0000-0000-000000000000,20240000DEMO,2022-11-25T16:00:00.000,2022-11-26T10:00:00.000,,Request,Elise Berkhout,"Akkoord, tijdelijk",True
a00015-demo,yara.kalisvaart@avondrood.local,u00015,PowerBI Pro,p0000-demo-0000-0000-000000000000,20240000DEMO,2025-03-26T21:00:00.000,2025-03-29T17:00:00.000,,Request,Elise Berkhout,Goedgekeurd na overleg,True
a00016-demo,yara.dehaan@avondrood.local,u00016,PowerBI Pro,p0000-demo-0000-0000-000000000000,20240000DEMO,2026-06-15T13:00:00.000,2026-06-17T11:00:00.000,,Request,yara.dehaan@avondrood.local,Akkoord,True
a00017-demo,mees.vandermeer@avondrood.local,u00017,PowerBI Pro,p0000-demo-0000-0000-000000000000,20240000DEMO,2023-05-09T19:00:00.000,2023-05-10T20:00:00.000,,Request,Roos Quaedvlieg,Akkoord,True
a00018-demo,bas.pronk@avondrood.local,u00018,PowerBI Pro,p0000-demo-0000-0000-000000000000,20240000DEMO,2023-06-15T05:00:00.000,2023-06-17T00:00:00.000,,Request,Guusje Smits,Akkoord – zie ticket,True
a00019-demo,fenna.vanveen@avondrood.local,u00019,PowerBI Pro,p0000-demo-0000-0000-000000000000,20240000DEMO,2025-05-20T12:00:00.000,2025-05-23T05:00:00.000,,Request,Sem Slootweg,Nodig voor de functie,True
a00020-demo,hanna.jonker@avondrood.local,u00020,PowerBI Pro,p0000-demo-0000-0000-000000000000,20240000DEMO,2023-08-25T01:00:00.000,2023-08-26T08:00:00.000,,Import,,,
a00021-demo,maarten.terlouw@avondrood.local,u00021,PowerBI Pro,p0000-demo-0000-0000-000000000000,20240000DEMO,2024-05-02T21:00:00.000,2024-05-03T22:00:00.000,,Request,Roos Quaedvlieg,Goedgekeurd na overleg,True
a00022-demo,rosa.kuiper@avondrood.local,u00022,PowerBI Pro,p0000-demo-0000-0000-000000000000,20240000DEMO,2023-05-14T12:00:00.000,2023-05-15T15:00:00.000,,Request,Puck Kalisvaart,Conform aanvraag,True
a00023-demo,carlijn.smit@avondrood.local,u00023,PowerBI Pro,p0000-demo-0000-0000-000000000000,20240000DEMO,2024-03-17T18:00:00.000,2024-03-19T07:00:00.000,,Request,Roos Quaedvlieg,Goedgekeurd na overleg,True
a00024-demo,tess.deboer@avondrood.local,u00024,PowerBI Pro,p0000-demo-0000-0000-000000000000,20240000DEMO,2025-01-07T03:00:00.000,2025-01-08T16:00:00.000,,Request,Zoë Willems,"Akkoord, tijdelijk",True
a00025-demo,anne.dejong@avondrood.local,u00025,PowerBI Pro,p0000-demo-0000-0000-000000000000,20240000DEMO,2026-03-26T16:00:00.000,2026-03-28T19:00:00.000,,Import,,,
a00026-demo,sanne.fokkema@avondrood.local,u00026,PowerBI Pro,p0000-demo-0000-0000-000000000000,20240000DEMO,2025-08-27T09:00:00.000,2025-08-30T05:00:00.000,2026-01-21T05:00:00,Import,,,
a00027-demo,sanne.vandermeer@avondrood.local,u00027,PowerBI Pro,p0000-demo-0000-0000-000000000000,20240000DEMO,2023-08-06T11:00:00.000,2023-08-08T04:00:00.000,,Request,Puck Kalisvaart,Akkoord – zie ticket,True
a00028-demo,gerben.vanbeek@avondrood.local,u00028,PowerBI Pro,p0000-demo-0000-0000-000000000000,20240000DEMO,2026-05-05T13:00:00.000,2026-05-05T19:00:00.000,,Request,Guusje Smits,Conform aanvraag,True
a00029-demo,finn.dijkgraaf@avondrood.local,u00029,PowerBI Pro,p0000-demo-0000-0000-000000000000,20240000DEMO,2022-10-27T20:00:00.000,2022-10-30T17:00:00.000,,Request,Zoë Willems,Akkoord,True
a00030-demo,yara.pronk@avondrood.local,u00030,PowerBI Pro,p0000-demo-0000-0000-000000000000,20240000DEMO,2025-01-09T18:00:00.000,2025-01-11T13:00:00.000,,Request,Roos Quaedvlieg,Nodig voor de functie,True
a00031-demo,elise.berkhout@avondrood.local,u00031,PowerBI Pro,p0000-demo-0000-0000-000000000000,20240000DEMO,2024-08-04T03:00:00.000,2024-08-06T03:00:00.000,,Request,,,
a00032-demo,floris.dijkgraaf@avondrood.local,u00032,PowerBI Pro,p0000-demo-0000-0000-000000000000,20240000DEMO,2025-09-05T01:00:00.000,2025-09-05T22:00:00.000,,Request,,,
a00033-demo,lotte.smits@avondrood.local,u00033,PowerBI Pro,p0000-demo-0000-0000-000000000000,20240000DEMO,2025-12-28T21:00:00.000,2025-12-29T09:00:00.000,,Request,Bram Elzinga,"Akkoord, tijdelijk",True
a00034-demo,tijn.vroegindeweij@avondrood.local,u00034,PowerBI Pro,p0000-demo-0000-0000-000000000000,20240000DEMO,2026-01-16T22:00:00.000,2026-01-18T07:00:00.000,,Request,Tijn Vroegindeweij,Nodig voor de functie,True
a00035-demo,kim.visser@avondrood.local,u00035,PowerBI Pro,p0000-demo-0000-0000-000000000000,20240000DEMO,2022-12-16T16:00:00.000,2022-12-17T01:00:00.000,,Request,Tijn Vroegindeweij,Ok,True
a00036-demo,nienke.lindeboom@avondrood.local,u00036,PowerBI Pro,p0000-demo-0000-0000-000000000000,20240000DEMO,2024-02-17T21:00:00.000,2024-02-19T08:00:00.000,,Request,Zoë Willems,Goedgekeurd na overleg,True
a00037-demo,elise.nagtegaal@avondrood.local,u00037,PowerBI Pro,p0000-demo-0000-0000-000000000000,20240000DEMO,2026-08-11T07:00:00.000,2026-08-11T19:00:00.000,,Request,Roos Quaedvlieg,Akkoord,True
a00038-demo,roos.fokkema@avondrood.local,u00038,PowerBI Pro,p0000-demo-0000-0000-000000000000,20240000DEMO,2026-06-01T03:00:00.000,2026-06-02T21:00:00.000,,Request,Sem Slootweg,Nodig voor de functie,True
a00039-demo,nora.kuiper2@avondrood.local,u00039,PowerBI Pro,p0000-demo-0000-0000-000000000000,20240000DEMO,2024-01-04T06:00:00.000,2024-01-04T18:00:00.000,,Request,Puck Kalisvaart,Conform aanvraag,True
a00040-demo,ymke.jacobs@avondrood.local,u00040,PowerBI Pro,p0000-demo-0000-0000-000000000000,20240000DEMO,2025-11-12T17:00:00.000,2025-11-13T18:00:00.000,,Import,,,
a00041-demo,stijn.quaedvlieg@avondrood.local,u00041,PowerBI Pro,p0000-demo-0000-0000-000000000000,20240000DEMO,2025-05-24T11:00:00.000,2025-05-25T13:00:00.000,,Request,Elise Berkhout,Akkoord – zie ticket,True
a00042-demo,bram.post@avondrood.local,u00042,PowerBI Pro,p0000-demo-0000-0000-000000000000,20240000DEMO,2024-09-16T11:00:00.000,2024-09-17T18:00:00.000,,Request,Elise Berkhout,Akkoord,True
a00043-demo,gerben.janssen@avondrood.local,u00043,PowerBI Pro,p0000-demo-0000-0000-000000000000,20240000DEMO,2026-07-30T13:00:00.000,2026-07-31T19:00:00.000,,Request,Rens de Graaf,Akkoord,True
a00044-demo,jasper.kalisvaart@avondrood.local,u00044,PowerBI Pro,p0000-demo-0000-0000-000000000000,20240000DEMO,2023-09-06T05:00:00.000,2023-09-08T21:00:00.000,,Request,jasper.kalisvaart@avondrood.local,"Akkoord, tijdelijk",True
a00045-demo,nora.vandijk@avondrood.local,u00045,PowerBI Pro,p0000-demo-0000-0000-000000000000,20240000DEMO,2023-10-26T21:00:00.000,2023-10-27T14:00:00.000,,Request,Bram Elzinga,Ok,True
a00046-demo,eva.slootweg@avondrood.local,u00046,PowerBI Pro,p0000-demo-0000-0000-000000000000,20240000DEMO,2024-09-21T02:00:00.000,2024-09-23T06:00:00.000,,Request,Fenna de Boer,Akkoord – zie ticket,True
a00047-demo,anne.devries2@avondrood.local,u00047,PowerBI Pro,p0000-demo-0000-0000-000000000000,20240000DEMO,2023-07-24T04:00:00.000,2023-07-24T19:00:00.000,,Import,Sem Slootweg,Ok,True
a00048-demo,bas.vandermeer@avondrood.local,u00048,PowerBI Pro,p0000-demo-0000-0000-000000000000,20240000DEMO,2023-05-08T00:00:00.000,2023-05-09T22:00:00.000,,Request,Puck Kalisvaart,Akkoord – zie ticket,True
a00049-demo,daphne.willems@avondrood.local,u00049,PowerBI Pro,p0000-demo-0000-0000-000000000000,20240000DEMO,2023-05-08T12:00:00.000,2023-05-08T16:00:00.000,,Request,Guusje Smits,Goedgekeurd na overleg,True
a00050-demo,otto.dijkstra@avondrood.local,u00050,Copilot,p0001-demo-0000-0000-000000000000,20240001DEMO,2023-10-06T21:00:00.000,2023-10-09T12:00:00.000,,Request,Sem Slootweg,Goedgekeurd na overleg,True
a00051-demo,kim.elzinga@avondrood.local,u00051,Copilot,p0001-demo-0000-0000-000000000000,20240001DEMO,2023-05-11T12:00:00.000,2023-05-12T21:00:00.000,,Import,Elise Berkhout,Akkoord,True
a00052-demo,floris.peters@avondrood.local,u00052,Copilot,p0001-demo-0000-0000-000000000000,20240001DEMO,2022-08-25T01:00:00.000,2022-08-27T07:00:00.000,,Request,,,
a00053-demo,anne.aalbers@avondrood.local,u00053,Copilot,p0001-demo-0000-0000-000000000000,20240001DEMO,2025-03-25T00:00:00.000,2025-03-26T17:00:00.000,,Request,Bram Elzinga,Goedgekeurd na overleg,True
a00054-demo,stijn.wielenga@avondrood.local,u00054,Copilot,p0001-demo-0000-0000-000000000000,20240001DEMO,2023-01-09T20:00:00.000,2023-01-12T10:00:00.000,,Import,Bram Elzinga,Nodig voor de functie,True
a00055-demo,puck.quaedvlieg@avondrood.local,u00055,Copilot,p0001-demo-0000-0000-000000000000,20240001DEMO,2024-02-02T17:00:00.000,2024-02-02T21:00:00.000,,Request,Elise Berkhout,Ok,True
a00056-demo,eva.slootweg@avondrood.local,u00056,Copilot,p0001-demo-0000-0000-000000000000,20240001DEMO,2025-10-16T13:00:00.000,2025-10-18T01:00:00.000,,Request,Fenna de Boer,Akkoord – zie ticket,True
a00057-demo,jasper.terlouw@avondrood.local,u00057,Copilot,p0001-demo-0000-0000-000000000000,20240001DEMO,2025-08-26T12:00:00.000,2025-08-29T00:00:00.000,,Request,Rens de Graaf,Goedgekeurd na overleg,True
a00058-demo,joris.hendriks@avondrood.local,u00058,Copilot,p0001-demo-0000-0000-000000000000,20240001DEMO,2025-06-03T10:00:00.000,2025-06-03T12:00:00.000,,Request,Elise Berkhout,Goedgekeurd na overleg,True
a00059-demo,jelle.schouten@avondrood.local,u00059,Copilot,p0001-demo-0000-0000-000000000000,20240001DEMO,2022-08-29T18:00:00.000,2022-09-01T05:00:00.000,,Request,Guusje Smits,Ok,True
a00060-demo,anne.degroot@avondrood.local,u00060,Copilot,p0001-demo-0000-0000-000000000000,20240001DEMO,2025-07-04T18:00:00.000,2025-07-04T20:00:00.000,,Request,Tijn Vroegindeweij,Conform aanvraag,True
a00061-demo,bart.vanleeuwen@avondrood.local,u00061,Copilot,p0001-demo-0000-0000-000000000000,20240001DEMO,2026-05-07T10:00:00.000,2026-05-07T17:00:00.000,,Request,Tijn Vroegindeweij,Goedgekeurd na overleg,True
a00062-demo,nora.vandijk@avondrood.local,u00062,Copilot,p0001-demo-0000-0000-000000000000,20240001DEMO,2024-10-21T19:00:00.000,2024-10-23T13:00:00.000,,Request,Bram Elzinga,Akkoord,True
a00063-demo,nora.dewit@avondrood.local,u00063,Copilot,p0001-demo-0000-0000-000000000000,20240001DEMO,2025-10-13T22:00:00.000,2025-10-15T22:00:00.000,,Request,Floris Willems,"Akkoord, tijdelijk",True
a00064-demo,pepijn.muijs@avondrood.local,u00064,Copilot,p0001-demo-0000-0000-000000000000,20240001DEMO,2024-04-02T08:00:00.000,2024-04-03T13:00:00.000,,Import,Floris Willems,Akkoord,True
a00065-demo,tess.deboer@avondrood.local,u00065,Copilot,p0001-demo-0000-0000-000000000000,20240001DEMO,2026-05-26T07:00:00.000,2026-05-26T17:00:00.000,,Request,,,
a00066-demo,bram.janssen@avondrood.local,u00066,Copilot,p0001-demo-0000-0000-000000000000,20240001DEMO,2024-10-30T03:00:00.000,2024-10-30T13:00:00.000,,Request,Floris Willems,Conform aanvraag,True
a00067-demo,yara.slootweg@avondrood.local,u00067,Copilot,p0001-demo-0000-0000-000000000000,20240001DEMO,2023-03-24T23:00:00.000,2023-03-26T11:00:00.000,2024-03-23T11:00:00,Request,Zoë Willems,Goedgekeurd na overleg,True
a00068-demo,iris.dijkstra2@avondrood.local,u00068,Copilot,p0001-demo-0000-0000-000000000000,20240001DEMO,2023-12-31T03:00:00.000,2024-01-02T03:00:00.000,,Import,Elise Berkhout,Ok,True
a00069-demo,rens.degraaf@avondrood.local,u00069,Copilot,p0001-demo-0000-0000-000000000000,20240001DEMO,2026-05-21T01:00:00.000,2026-05-23T04:00:00.000,,Request,Rens de Graaf,Nodig voor de functie,True
a00070-demo,puck.kalisvaart@avondrood.local,u00070,Copilot,p0001-demo-0000-0000-000000000000,20240001DEMO,2022-08-21T16:00:00.000,2022-08-23T18:00:00.000,,Request,,,
a00071-demo,bram.vandenheuvel@avondrood.local,u00071,Copilot,p0001-demo-0000-0000-000000000000,20240001DEMO,2024-08-29T02:00:00.000,2024-08-30T17:00:00.000,,Request,Zoë Willems,Akkoord – zie ticket,True
a00072-demo,jasper.huisman@avondrood.local,u00072,Copilot,p0001-demo-0000-0000-000000000000,20240001DEMO,2023-05-24T20:00:00.000,2023-05-27T05:00:00.000,,Import,Floris Willems,Conform aanvraag,True
a00073-demo,lotte.uijlenbroek@avondrood.local,u00073,Copilot,p0001-demo-0000-0000-000000000000,20240001DEMO,2023-09-10T23:00:00.000,2023-09-11T03:00:00.000,,Request,Puck Kalisvaart,Ok,True
a00074-demo,pien.slootweg@avondrood.local,u00074,Copilot,p0001-demo-0000-0000-000000000000,20240001DEMO,2025-03-02T10:00:00.000,2025-03-02T14:00:00.000,,Request,Elise Berkhout,Ok,True
a00075-demo,gerben.vanbeek@avondrood.local,u00075,Copilot,p0001-demo-0000-0000-000000000000,20240001DEMO,2022-10-21T23:00:00.000,2022-10-22T23:00:00.000,,Request,Guusje Smits,Goedgekeurd na overleg,True
a00076-demo,olivier.quaedvlieg@avondrood.local,u00076,Copilot,p0001-demo-0000-0000-000000000000,20240001DEMO,2023-01-07T08:00:00.000,2023-01-09T23:00:00.000,,Request,Tijn Vroegindeweij,Akkoord – zie ticket,True
a00077-demo,thijs.jacobs@avondrood.local,u00077,Copilot,p0001-demo-0000-0000-000000000000,20240001DEMO,2024-01-20T06:00:00.000,2024-01-22T17:00:00.000,2024-04-16T17:00:00,Request,Guusje Smits,Akkoord – zie ticket,True
a00078-demo,fenna.willems@avondrood.local,u00078,Copilot,p0001-demo-0000-0000-000000000000,20240001DEMO,2023-05-16T04:00:00.000,2023-05-18T01:00:00.000,,Request,Bram Elzinga,"Akkoord, tijdelijk",True
a00079-demo,fenna.vos@avondrood.local,u00079,Copilot,p0001-demo-0000-0000-000000000000,20240001DEMO,2024-06-28T06:00:00.000,2024-06-28T20:00:00.000,,Request,Puck Kalisvaart,Akkoord – zie ticket,True
a00080-demo,yfke.vandijk@avondrood.local,u00080,Copilot,p0001-demo-0000-0000-000000000000,20240001DEMO,2026-03-15T23:00:00.000,2026-03-17T09:00:00.000,,Request,Sem Slootweg,"Akkoord, tijdelijk",True
a00081-demo,pien.hendriks@avondrood.local,u00081,Copilot,p0001-demo-0000-0000-000000000000,20240001DEMO,2023-08-09T02:00:00.000,2023-08-09T03:00:00.000,,Request,Floris Willems,Conform aanvraag,True
a00082-demo,bram.elzinga@avondrood.local,u00082,Copilot,p0001-demo-0000-0000-000000000000,20240001DEMO,2025-12-13T07:00:00.000,2025-12-13T20:00:00.000,,Import,Bram Elzinga,Ok,True
a00083-demo,jelle.zomerdijk@avondrood.local,u00083,Copilot,p0001-demo-0000-0000-000000000000,20240001DEMO,2024-09-17T04:00:00.000,2024-09-17T05:00:00.000,,Import,,,
a00084-demo,lars.jacobs@avondrood.local,u00084,Copilot,p0001-demo-0000-0000-000000000000,20240001DEMO,2026-05-09T04:00:00.000,2026-05-11T06:00:00.000,,Request,Sem Slootweg,"Akkoord, tijdelijk",True
a00085-demo,hugo.vermeulen@avondrood.local,u00085,Copilot,p0001-demo-0000-0000-000000000000,20240001DEMO,2023-08-06T23:00:00.000,2023-08-08T19:00:00.000,,Request,,,
a00086-demo,yfke.hendriks@avondrood.local,u00086,Copilot,p0001-demo-0000-0000-000000000000,20240001DEMO,2024-05-24T22:00:00.000,2024-05-27T00:00:00.000,,Request,Floris Willems,"Akkoord, tijdelijk",True
a00087-demo,elise.nagtegaal@avondrood.local,u00087,Copilot,p0001-demo-0000-0000-000000000000,20240001DEMO,2025-11-24T07:00:00.000,2025-11-24T10:00:00.000,,Request,Roos Quaedvlieg,Akkoord,True
a00088-demo,bram.post@avondrood.local,u00088,Copilot,p0001-demo-0000-0000-000000000000,20240001DEMO,2023-10-22T03:00:00.000,2023-10-22T21:00:00.000,,Request,Elise Berkhout,Ok,True
a00089-demo,isa.quaedvlieg@avondrood.local,u00089,Copilot,p0001-demo-0000-0000-000000000000,20240001DEMO,2026-07-29T23:00:00.000,2026-08-01T05:00:00.000,,Request,,,
a00090-demo,xander.elzinga@avondrood.local,u00090,Copilot,p0001-demo-0000-0000-000000000000,20240001DEMO,2026-02-09T22:00:00.000,2026-02-11T17:00:00.000,,Request,Ursula Nagtegaal,Goedgekeurd na overleg,True
a00091-demo,anne.jacobs@avondrood.local,u00091,Copilot,p0001-demo-0000-0000-000000000000,20240001DEMO,2026-03-29T02:00:00.000,2026-03-29T10:00:00.000,,Request,Tijn Vroegindeweij,Akkoord – zie ticket,True
a00092-demo,eva.lindeboom@avondrood.local,u00092,Copilot,p0001-demo-0000-0000-000000000000,20240001DEMO,2026-04-23T08:00:00.000,2026-04-23T23:00:00.000,,Request,Zoë Willems,Conform aanvraag,True
a00093-demo,bas.koster@avondrood.local,u00093,Copilot,p0001-demo-0000-0000-000000000000,20240001DEMO,2025-02-25T14:00:00.000,2025-02-28T05:00:00.000,,Request,Roos Quaedvlieg,Akkoord,True
a00094-demo,yfke.degroot@avondrood.local,u00094,Copilot,p0001-demo-0000-0000-000000000000,20240001DEMO,2022-10-29T11:00:00.000,2022-10-31T14:00:00.000,,Import,Puck Kalisvaart,Conform aanvraag,True
a00095-demo,teun.gerritsen@avondrood.local,u00095,Copilot,p0001-demo-0000-0000-000000000000,20240001DEMO,2024-05-18T16:00:00.000,2024-05-21T15:00:00.000,,Request,Roos Quaedvlieg,Ok,True
a00096-demo,gerben.kuipers@avondrood.local,u00096,Copilot,p0001-demo-0000-0000-000000000000,20240001DEMO,2024-06-30T11:00:00.000,2024-07-02T21:00:00.000,,Request,Roos Quaedvlieg,Akkoord,True
a00097-demo,nora.vandam@avondrood.local,u00097,Copilot,p0001-demo-0000-0000-000000000000,20240001DEMO,2024-05-01T13:00:00.000,2024-05-03T11:00:00.000,,Request,Rens de Graaf,Akkoord,True
a00098-demo,anne.dejong@avondrood.local,u00098,Copilot,p0001-demo-0000-0000-000000000000,20240001DEMO,2024-09-08T18:00:00.000,2024-09-10T10:00:00.000,,Request,Rens de Graaf,Conform aanvraag,True
a00099-demo,jelle.post@avondrood.local,u00099,Copilot,p0001-demo-0000-0000-000000000000,20240001DEMO,2022-12-10T03:00:00.000,2022-12-12T01:00:00.000,,Import,Rens de Graaf,Akkoord – zie ticket,True
a00100-demo,eva.dehaan@avondrood.local,u00100,Copilot,p0001-demo-0000-0000-000000000000,20240001DEMO,2024-12-23T18:00:00.000,2024-12-24T12:00:00.000,,Request,Zoë Willems,Goedgekeurd na overleg,True
a00101-demo,tijn.elzinga@avondrood.local,u00101,Copilot,p0001-demo-0000-0000-000000000000,20240001DEMO,2023-01-01T02:00:00.000,2023-01-01T21:00:00.000,,Request,,,
a00102-demo,koen.uijlenbroek@avondrood.local,u00102,Copilot,p0001-demo-0000-0000-000000000000,20240001DEMO,2024-04-27T01:00:00.000,2024-04-29T21:00:00.000,,Request,Puck Kalisvaart,"Akkoord, tijdelijk",True
a00103-demo,ursula.deboer@avondrood.local,u00103,Copilot,p0001-demo-0000-0000-000000000000,20240001DEMO,2024-03-24T00:00:00.000,2024-03-26T08:00:00.000,,Request,Puck Kalisvaart,Conform aanvraag,True
a00104-demo,sofie.quaedvlieg@avondrood.local,u00104,Copilot,p0001-demo-0000-0000-000000000000,20240001DEMO,2022-11-14T03:00:00.000,2022-11-14T17:00:00.000,,Request,Guusje Smits,Nodig voor de functie,True
a00105-demo,stijn.degraaf@avondrood.local,u00105,Adobe Acrobat Pro,p0002-demo-0000-0000-000000000000,20240002DEMO,2026-03-29T22:00:00.000,2026-03-30T11:00:00.000,,Request,,,
a00106-demo,wout.kok@avondrood.local,u00106,Adobe Acrobat Pro,p0002-demo-0000-0000-000000000000,20240002DEMO,2026-03-27T10:00:00.000,2026-03-28T03:00:00.000,2027-03-23T03:00:00,Request,Elise Berkhout,Conform aanvraag,True
a00107-demo,noa.huisman@avondrood.local,u00107,Adobe Acrobat Pro,p0002-demo-0000-0000-000000000000,20240002DEMO,2023-01-21T09:00:00.000,2023-01-22T13:00:00.000,,Request,Elise Berkhout,Conform aanvraag,True
a00108-demo,zoe.ipenburg@avondrood.local,u00108,Adobe Acrobat Pro,p0002-demo-0000-0000-000000000000,20240002DEMO,2025-11-29T07:00:00.000,2025-11-30T07:00:00.000,,Request,Rens de Graaf,Akkoord,True
a00109-demo,anne.verhoeven@avondrood.local,u00109,Adobe Acrobat Pro,p0002-demo-0000-0000-000000000000,20240002DEMO,2023-04-23T09:00:00.000,2023-04-25T21:00:00.000,,Request,Zoë Willems,Goedgekeurd na overleg,True
a00110-demo,gerben.vanbeek@avondrood.local,u00110,Adobe Acrobat Pro,p0002-demo-0000-0000-000000000000,20240002DEMO,2022-08-21T20:00:00.000,2022-08-23T22:00:00.000,,Request,,,
a00111-demo,willem.smit@avondrood.local,u00111,Adobe Acrobat Pro,p0002-demo-0000-0000-000000000000,20240002DEMO,2026-05-17T21:00:00.000,2026-05-19T13:00:00.000,2026-08-01T13:00:00,Request,Ursula Nagtegaal,Akkoord – zie ticket,True
a00112-demo,jasper.smit@avondrood.local,u00112,Adobe Acrobat Pro,p0002-demo-0000-0000-000000000000,20240002DEMO,2025-03-16T14:00:00.000,2025-03-16T16:00:00.000,,Import,Guusje Smits,Goedgekeurd na overleg,True
a00113-demo,noa.vermeulen@avondrood.local,u00113,Adobe Acrobat Pro,p0002-demo-0000-0000-000000000000,20240002DEMO,2025-10-08T09:00:00.000,2025-10-09T23:00:00.000,,Request,Rens de Graaf,Goedgekeurd na overleg,True
a00114-demo,koen.slootweg@avondrood.local,u00114,Adobe Acrobat Pro,p0002-demo-0000-0000-000000000000,20240002DEMO,2026-04-28T06:00:00.000,2026-05-01T04:00:00.000,,Request,Bram Elzinga,Akkoord – zie ticket,True
a00115-demo,elise.gerritsen@avondrood.local,u00115,Adobe Acrobat Pro,p0002-demo-0000-0000-000000000000,20240002DEMO,2024-11-19T13:00:00.000,2024-11-21T12:00:00.000,,Request,Sem Slootweg,Akkoord,True
a00116-demo,nora.kuiper@avondrood.local,u00116,Adobe Acrobat Pro,p0002-demo-0000-0000-000000000000,20240002DEMO,2022-08-02T20:00:00.000,2022-08-04T05:00:00.000,,Request,Ursula Nagtegaal,Akkoord,True
a00117-demo,otto.maas@avondrood.local,u00117,Adobe Acrobat Pro,p0002-demo-0000-0000-000000000000,20240002DEMO,2024-06-06T02:00:00.000,2024-06-07T22:00:00.000,,Import,,,
a00118-demo,ymke.kok@avondrood.local,u00118,Adobe Acrobat Pro,p0002-demo-0000-0000-000000000000,20240002DEMO,2026-05-26T14:00:00.000,2026-05-26T16:00:00.000,,Request,Rens de Graaf,Akkoord,True
a00119-demo,gerben.dewit@avondrood.local,u00119,Adobe Acrobat Pro,p0002-demo-0000-0000-000000000000,20240002DEMO,2023-11-14T12:00:00.000,2023-11-14T21:00:00.000,,Request,Zoë Willems,Akkoord,True
a00120-demo,amber.peeters@avondrood.local,u00120,Adobe Acrobat Pro,p0002-demo-0000-0000-000000000000,20240002DEMO,2023-09-22T13:00:00.000,2023-09-25T02:00:00.000,,Request,Rens de Graaf,Conform aanvraag,True
a00121-demo,thijs.kok@avondrood.local,u00121,Adobe Acrobat Pro,p0002-demo-0000-0000-000000000000,20240002DEMO,2022-12-24T23:00:00.000,2022-12-26T09:00:00.000,,Request,Ursula Nagtegaal,Akkoord,True
a00122-demo,emma.bos@avondrood.local,u00122,Adobe Acrobat Pro,p0002-demo-0000-0000-000000000000,20240002DEMO,2026-07-06T11:00:00.000,2026-07-07T00:00:00.000,,Request,Guusje Smits,Conform aanvraag,True
a00123-demo,gerben.coenen@avondrood.local,u00123,Adobe Acrobat Pro,p0002-demo-0000-0000-000000000000,20240002DEMO,2025-12-05T10:00:00.000,2025-12-07T05:00:00.000,,Request,Bram Elzinga,Nodig voor de functie,True
a00124-demo,ursula.nagtegaal@avondrood.local,u00124,Adobe Acrobat Pro,p0002-demo-0000-0000-000000000000,20240002DEMO,2023-10-22T01:00:00.000,2023-10-24T20:00:00.000,,Import,Ursula Nagtegaal,Conform aanvraag,True
a00125-demo,gerben.kuipers@avondrood.local,u00125,Adobe Acrobat Pro,p0002-demo-0000-0000-000000000000,20240002DEMO,2025-04-13T23:00:00.000,2025-04-16T07:00:00.000,,Request,Roos Quaedvlieg,Conform aanvraag,True
a00126-demo,floris.verhoeven@avondrood.local,u00126,Adobe Acrobat Pro,p0002-demo-0000-0000-000000000000,20240002DEMO,2025-09-19T13:00:00.000,2025-09-22T07:00:00.000,,Request,Roos Quaedvlieg,Goedgekeurd na overleg,True
a00127-demo,dirk.willems@avondrood.local,u00127,Adobe Acrobat Pro,p0002-demo-0000-0000-000000000000,20240002DEMO,2023-04-15T01:00:00.000,2023-04-17T11:00:00.000,,Request,Roos Quaedvlieg,Nodig voor de functie,True
a00128-demo,maarten.lindeboom@avondrood.local,u00128,Adobe Acrobat Pro,p0002-demo-0000-0000-000000000000,20240002DEMO,2024-10-28T11:00:00.000,2024-10-29T18:00:00.000,,Request,Bram Elzinga,Ok,True
a00129-demo,rens.muijs2@avondrood.local,u00129,Adobe Acrobat Pro,p0002-demo-0000-0000-000000000000,20240002DEMO,2024-01-13T01:00:00.000,2024-01-13T12:00:00.000,,Request,Ursula Nagtegaal,Conform aanvraag,True
a00130-demo,elise.maas@avondrood.local,u00130,Adobe Acrobat Pro,p0002-demo-0000-0000-000000000000,20240002DEMO,2024-06-21T07:00:00.000,2024-06-22T09:00:00.000,,Request,Ursula Nagtegaal,Goedgekeurd na overleg,True
a00131-demo,hanna.smits@avondrood.local,u00131,Adobe Acrobat Pro,p0002-demo-0000-0000-000000000000,20240002DEMO,2026-04-24T21:00:00.000,2026-04-27T16:00:00.000,,Request,Fenna de Boer,Ok,True
a00132-demo,mees.brouwer@avondrood.local,u00132,Adobe Acrobat Pro,p0002-demo-0000-0000-000000000000,20240002DEMO,2025-10-11T04:00:00.000,2025-10-11T17:00:00.000,,Request,Zoë Willems,"Akkoord, tijdelijk",True
a00133-demo,cato.nagtegaal@avondrood.local,u00133,Adobe Acrobat Pro,p0002-demo-0000-0000-000000000000,20240002DEMO,2023-11-22T05:00:00.000,2023-11-24T23:00:00.000,,Request,Floris Willems,Nodig voor de functie,True
a00134-demo,gerben.bakker@avondrood.local,u00134,Adobe Acrobat Pro,p0002-demo-0000-0000-000000000000,20240002DEMO,2023-12-06T14:00:00.000,2023-12-09T08:00:00.000,,Request,Ursula Nagtegaal,Akkoord – zie ticket,True
a00135-demo,stijn.quaedvlieg@avondrood.local,u00135,Adobe Acrobat Pro,p0002-demo-0000-0000-000000000000,20240002DEMO,2023-05-11T15:00:00.000,2023-05-13T18:00:00.000,,Request,Elise Berkhout,Conform aanvraag,True
a00136-demo,jasper.terlouw@avondrood.local,u00136,Adobe Acrobat Pro,p0002-demo-0000-0000-000000000000,20240002DEMO,2025-01-01T20:00:00.000,2025-01-04T18:00:00.000,,Request,Rens de Graaf,Nodig voor de functie,True
a00137-demo,guusje.terlouw@avondrood.local,u00137,Adobe Acrobat Pro,p0002-demo-0000-0000-000000000000,20240002DEMO,2025-03-04T03:00:00.000,2025-03-05T15:00:00.000,,Request,Tijn Vroegindeweij,Nodig voor de functie,True
a00138-demo,bas.maas@avondrood.local,u00138,Adobe Acrobat Pro,p0002-demo-0000-0000-000000000000,20240002DEMO,2024-08-11T03:00:00.000,2024-08-14T02:00:00.000,,Request,Roos Quaedvlieg,Nodig voor de functie,True
a00139-demo,anne.devries2@avondrood.local,u00139,Adobe Acrobat Pro,p0002-demo-0000-0000-000000000000,20240002DEMO,2024-04-25T01:00:00.000,2024-04-25T06:00:00.000,,Import,Sem Slootweg,Ok,True
a00140-demo,dirk.vandijk@avondrood.local,u00140,Adobe Acrobat Pro,p0002-demo-0000-0000-000000000000,20240002DEMO,2023-08-31T05:00:00.000,2023-09-01T04:00:00.000,,Request,Bram Elzinga,Conform aanvraag,True
a00141-demo,mila.coenen@avondrood.local,u00141,Adobe Acrobat Pro,p0002-demo-0000-0000-000000000000,20240002DEMO,2025-05-04T04:00:00.000,2025-05-05T18:00:00.000,,Request,Bram Elzinga,Conform aanvraag,True
a00142-demo,rens.elzinga@avondrood.local,u00142,Adobe Acrobat Pro,p0002-demo-0000-0000-000000000000,20240002DEMO,2023-01-16T14:00:00.000,2023-01-17T23:00:00.000,2023-05-06T23:00:00,Request,Bram Elzinga,Conform aanvraag,True
a00143-demo,vera.vandam@avondrood.local,u00143,Adobe Acrobat Pro,p0002-demo-0000-0000-000000000000,20240002DEMO,2022-11-25T11:00:00.000,2022-11-26T02:00:00.000,,Request,Tijn Vroegindeweij,Nodig voor de functie,True
a00144-demo,finn.vermeulen@avondrood.local,u00144,Adobe Acrobat Pro,p0002-demo-0000-0000-000000000000,20240002DEMO,2024-09-17T04:00:00.000,2024-09-17T06:00:00.000,,Request,Sem Slootweg,"Akkoord, tijdelijk",True
a00145-demo,jelle.hendriks@avondrood.local,u00145,Adobe Acrobat Pro,p0002-demo-0000-0000-000000000000,20240002DEMO,2024-07-01T11:00:00.000,2024-07-02T23:00:00.000,,Request,Tijn Vroegindeweij,Ok,True
a00146-demo,lieke.vandam@avondrood.local,u00146,Adobe Acrobat Pro,p0002-demo-0000-0000-000000000000,20240002DEMO,2024-08-19T07:00:00.000,2024-08-20T22:00:00.000,,Request,Ursula Nagtegaal,Akkoord – zie ticket,True
a00147-demo,maarten.blom@avondrood.local,u00147,Adobe Acrobat Pro,p0002-demo-0000-0000-000000000000,20240002DEMO,2024-04-28T12:00:00.000,2024-04-30T04:00:00.000,,Request,Guusje Smits,Nodig voor de functie,True
a00148-demo,anne.hoekstra@avondrood.local,u00148,Adobe Acrobat Pro,p0002-demo-0000-0000-000000000000,20240002DEMO,2026-06-11T15:00:00.000,2026-06-13T08:00:00.000,2027-05-12T08:00:00,Request,Ursula Nagtegaal,Goedgekeurd na overleg,True
a00149-demo,maarten.muijs@avondrood.local,u00149,Adobe Acrobat Pro,p0002-demo-0000-0000-000000000000,20240002DEMO,2026-03-25T15:00:00.000,2026-03-25T17:00:00.000,,Request,Elise Berkhout,Akkoord – zie ticket,True
a00150-demo,jasper.kalisvaart@avondrood.local,u00150,Adobe Acrobat Pro,p0002-demo-0000-0000-000000000000,20240002DEMO,2025-09-29T16:00:00.000,2025-09-30T03:00:00.000,,Request,Roos Quaedvlieg,Goedgekeurd na overleg,True
a00151-demo,amber.slootweg2@avondrood.local,u00151,Adobe Acrobat Pro,p0002-demo-0000-0000-000000000000,20240002DEMO,2025-05-09T05:00:00.000,2025-05-09T19:00:00.000,,Request,Rens de Graaf,Nodig voor de functie,True
a00152-demo,hugo.maas@avondrood.local,u00152,Adobe Acrobat Pro,p0002-demo-0000-0000-000000000000,20240002DEMO,2023-09-09T03:00:00.000,2023-09-11T03:00:00.000,2024-09-09T03:00:00,Request,Elise Berkhout,Akkoord,True
a00153-demo,anne.jacobs@avondrood.local,u00153,Adobe Acrobat Pro,p0002-demo-0000-0000-000000000000,20240002DEMO,2025-01-23T02:00:00.000,2025-01-25T19:00:00.000,,Import,Tijn Vroegindeweij,Akkoord,True
a00154-demo,sanne.vandermeer@avondrood.local,u00154,Adobe Acrobat Pro,p0002-demo-0000-0000-000000000000,20240002DEMO,2025-08-28T05:00:00.000,2025-08-29T06:00:00.000,,Request,Puck Kalisvaart,Nodig voor de functie,True
a00155-demo,tijn.dejong@avondrood.local,u00155,Adobe Acrobat Pro,p0002-demo-0000-0000-000000000000,20240002DEMO,2022-11-18T20:00:00.000,2022-11-21T05:00:00.000,,Request,Zoë Willems,Conform aanvraag,True
a00156-demo,zoe.blom@avondrood.local,u00156,Adobe Acrobat Pro,p0002-demo-0000-0000-000000000000,20240002DEMO,2022-09-16T06:00:00.000,2022-09-17T07:00:00.000,,Request,Tijn Vroegindeweij,Nodig voor de functie,True
a00157-demo,nora.dewit@avondrood.local,u00157,Adobe Acrobat Pro,p0002-demo-0000-0000-000000000000,20240002DEMO,2023-08-02T02:00:00.000,2023-08-04T16:00:00.000,,Request,,,
a00158-demo,pien.hendriks@avondrood.local,u00158,Adobe Acrobat Pro,p0002-demo-0000-0000-000000000000,20240002DEMO,2023-04-27T05:00:00.000,2023-04-28T18:00:00.000,2024-02-29T18:00:00,Request,Floris Willems,Conform aanvraag,True
a00159-demo,emma.elzinga@avondrood.local,u00159,Adobe Acrobat Pro,p0002-demo-0000-0000-000000000000,20240002DEMO,2024-09-25T11:00:00.000,2024-09-25T16:00:00.000,,Request,Sem Slootweg,"Akkoord, tijdelijk",True
a00160-demo,veerle.blom@avondrood.local,u00160,Adobe Acrobat Pro,p0002-demo-0000-0000-000000000000,20240002DEMO,2024-02-13T20:00:00.000,2024-02-15T22:00:00.000,,Request,Ursula Nagtegaal,"Akkoord, tijdelijk",True
a00161-demo,anne.aalbers@avondrood.local,u00161,Adobe Acrobat Pro,p0002-demo-0000-0000-000000000000,20240002DEMO,2026-08-12T00:00:00.000,2026-08-13T18:00:00.000,,Request,Bram Elzinga,Goedgekeurd na overleg,True
a00162-demo,zef.janssen@avondrood.local,u00162,Adobe Acrobat Pro,p0002-demo-0000-0000-000000000000,20240002DEMO,2022-11-04T14:00:00.000,2022-11-05T00:00:00.000,,Request,Bram Elzinga,Akkoord – zie ticket,True
a00163-demo,amber.slootweg@avondrood.local,u00163,Adobe Acrobat Pro,p0002-demo-0000-0000-000000000000,20240002DEMO,2024-06-18T22:00:00.000,2024-06-20T20:00:00.000,,Request,Floris Willems,Ok,True
a00164-demo,rosa.kuiper@avondrood.local,u00164,Adobe Acrobat Pro,p0002-demo-0000-0000-000000000000,20240002DEMO,2024-05-11T23:00:00.000,2024-05-12T10:00:00.000,,Request,Puck Kalisvaart,Akkoord – zie ticket,True
a00165-demo,jelle.muijs@avondrood.local,u00165,Adobe Acrobat Pro,p0002-demo-0000-0000-000000000000,20240002DEMO,2023-11-29T15:00:00.000,2023-11-29T22:00:00.000,,Request,Guusje Smits,Conform aanvraag,True
a00166-demo,gerben.oosterhuis@avondrood.local,u00166,Adobe Acrobat Pro,p0002-demo-0000-0000-000000000000,20240002DEMO,2024-02-02T09:00:00.000,2024-02-03T19:00:00.000,2024-09-14T19:00:00,Request,Elise Berkhout,Conform aanvraag,True
a00167-demo,bas.dehaan@avondrood.local,u00167,Adobe Acrobat Pro,p0002-demo-0000-0000-000000000000,20240002DEMO,2023-12-03T04:00:00.000,2023-12-05T05:00:00.000,,Request,Elise Berkhout,Akkoord,True
a00168-demo,daan.prins@avondrood.local,u00168,Adobe Acrobat Pro,p0002-demo-0000-0000-000000000000,20240002DEMO,2026-05-23T03:00:00.000,2026-05-24T10:00:00.000,,Request,Guusje Smits,Ok,True
a00169-demo,jelle.janssen@avondrood.local,u00169,Adobe Acrobat Pro,p0002-demo-0000-0000-000000000000,20240002DEMO,2024-09-08T20:00:00.000,2024-09-10T17:00:00.000,,Request,Bram Elzinga,Akkoord,True
a00170-demo,sofie.quaedvlieg@avondrood.local,u00170,Adobe Acrobat Pro,p0002-demo-0000-0000-000000000000,20240002DEMO,2023-11-22T21:00:00.000,2023-11-24T14:00:00.000,,Request,Guusje Smits,Nodig voor de functie,True
a00171-demo,olivier.quaedvlieg@avondrood.local,u00171,Adobe Acrobat Pro,p0002-demo-0000-0000-000000000000,20240002DEMO,2026-01-22T15:00:00.000,2026-01-24T01:00:00.000,,Request,Tijn Vroegindeweij,Akkoord,True
a00172-demo,nora.vanderveen@avondrood.local,u00172,Adobe Acrobat Pro,p0002-demo-0000-0000-000000000000,20240002DEMO,2025-10-09T11:00:00.000,2025-10-10T11:00:00.000,,Request,Floris Willems,"Akkoord, tijdelijk",True
a00173-demo,wout.post@avondrood.local,u00173,Adobe Acrobat Pro,p0002-demo-0000-0000-000000000000,20240002DEMO,2026-02-02T15:00:00.000,2026-02-03T18:00:00.000,,Request,,,
a00174-demo,gerben.vandenbroek@avondrood.local,u00174,Adobe Acrobat Pro,p0002-demo-0000-0000-000000000000,20240002DEMO,2026-04-06T16:00:00.000,2026-04-08T13:00:00.000,,Request,Floris Willems,Akkoord,True
a00175-demo,dirk.prins@avondrood.local,u00175,Adobe Acrobat Pro,p0002-demo-0000-0000-000000000000,20240002DEMO,2025-10-07T16:00:00.000,2025-10-08T02:00:00.000,,Request,Roos Quaedvlieg,Akkoord – zie ticket,True
a00176-demo,bram.elzinga@avondrood.local,u00176,Adobe Acrobat Pro,p0002-demo-0000-0000-000000000000,20240002DEMO,2022-09-12T06:00:00.000,2022-09-14T09:00:00.000,,Request,Bram Elzinga,Akkoord – zie ticket,True
a00177-demo,guusje.vandijk@avondrood.local,u00177,Adobe Acrobat Pro,p0002-demo-0000-0000-000000000000,20240002DEMO,2024-08-30T09:00:00.000,2024-08-30T18:00:00.000,,Request,Rens de Graaf,Akkoord – zie ticket,True
a00178-demo,floris.dijkgraaf@avondrood.local,u00178,Adobe Acrobat Pro,p0002-demo-0000-0000-000000000000,20240002DEMO,2023-05-09T17:00:00.000,2023-05-12T09:00:00.000,,Import,Bram Elzinga,Nodig voor de functie,True
a00179-demo,bas.dijkstra@avondrood.local,u00179,Adobe Acrobat Pro,p0002-demo-0000-0000-000000000000,20240002DEMO,2024-01-10T15:00:00.000,2024-01-11T23:00:00.000,,Request,Fenna de Boer,Ok,True
a00180-demo,wessel.dijkstra@avondrood.local,u00180,Adobe Acrobat Pro,p0002-demo-0000-0000-000000000000,20240002DEMO,2024-01-19T17:00:00.000,2024-01-22T09:00:00.000,,Request,,,
a00181-demo,teun.gerritsen@avondrood.local,u00181,Visio,p0003-demo-0000-0000-000000000000,20240003DEMO,2024-11-04T08:00:00.000,2024-11-07T06:00:00.000,,Request,Roos Quaedvlieg,Akkoord – zie ticket,True
a00182-demo,finn.peters@avondrood.local,u00182,Visio,p0003-demo-0000-0000-000000000000,20240003DEMO,2026-05-26T20:00:00.000,2026-05-28T04:00:00.000,,Request,,,
a00183-demo,hugo.vanderberg@avondrood.local,u00183,Visio,p0003-demo-0000-0000-000000000000,20240003DEMO,2024-03-27T12:00:00.000,2024-03-29T10:00:00.000,,Request,Zoë Willems,Akkoord – zie ticket,True
a00184-demo,karlijn.koster@avondrood.local,u00184,Visio,p0003-demo-0000-0000-000000000000,20240003DEMO,2025-07-20T15:00:00.000,2025-07-22T17:00:00.000,,Request,Elise Berkhout,"Akkoord, tijdelijk",True
a00185-demo,yfke.blom@avondrood.local,u00185,Visio,p0003-demo-0000-0000-000000000000,20240003DEMO,2025-06-29T15:00:00.000,2025-07-01T17:00:00.000,,Import,Puck Kalisvaart,Akkoord,True
a00186-demo,dirk.prins@avondrood.local,u00186,Visio,p0003-demo-0000-0000-000000000000,20240003DEMO,2025-12-18T06:00:00.000,2025-12-20T18:00:00.000,,Request,Roos Quaedvlieg,Goedgekeurd na overleg,True
a00187-demo,pepijn.oosterhuis@avondrood.local,u00187,Visio,p0003-demo-0000-0000-000000000000,20240003DEMO,2024-09-16T13:00:00.000,2024-09-17T09:00:00.000,,Request,Rens de Graaf,Goedgekeurd na overleg,True
a00188-demo,lotte.elzinga@avondrood.local,u00188,Visio,p0003-demo-0000-0000-000000000000,20240003DEMO,2025-01-18T21:00:00.000,2025-01-20T18:00:00.000,,Request,Sem Slootweg,Nodig voor de functie,True
a00189-demo,zoe.willems@avondrood.local,u00189,Visio,p0003-demo-0000-0000-000000000000,20240003DEMO,2024-05-04T04:00:00.000,2024-05-05T10:00:00.000,,Import,Zoë Willems,Akkoord,True
a00190-demo,rens.deboer@avondrood.local,u00190,Visio,p0003-demo-0000-0000-000000000000,20240003DEMO,2025-03-10T10:00:00.000,2025-03-10T16:00:00.000,,Request,Fenna de Boer,Conform aanvraag,True
a00191-demo,hanna.smits@avondrood.local,u00191,Visio,p0003-demo-0000-0000-000000000000,20240003DEMO,2025-03-01T22:00:00.000,2025-03-04T05:00:00.000,,Request,Fenna de Boer,"Akkoord, tijdelijk",True
a00192-demo,fenna.dejong@avondrood.local,u00192,Visio,p0003-demo-0000-0000-000000000000,20240003DEMO,2023-09-04T20:00:00.000,2023-09-06T13:00:00.000,,Import,Guusje Smits,Goedgekeurd na overleg,True
a00193-demo,fenna.slootweg@avondrood.local,u00193,Visio,p0003-demo-0000-0000-000000000000,20240003DEMO,2023-09-29T02:00:00.000,2023-10-01T23:00:00.000,,Request,Roos Quaedvlieg,Nodig voor de functie,True
a00194-demo,lieke.vandam@avondrood.local,u00194,Visio,p0003-demo-0000-0000-000000000000,20240003DEMO,2024-06-27T17:00:00.000,2024-06-30T00:00:00.000,,Request,Ursula Nagtegaal,Goedgekeurd na overleg,True
a00195-demo,daphne.bakker@avondrood.local,u00195,Visio,p0003-demo-0000-0000-000000000000,20240003DEMO,2026-01-24T19:00:00.000,2026-01-26T00:00:00.000,,Request,Rens de Graaf,Ok,True
a00196-demo,guusje.blom@avondrood.local,u00196,Visio,p0003-demo-0000-0000-000000000000,20240003DEMO,2025-04-28T22:00:00.000,2025-05-01T09:00:00.000,,Request,Fenna de Boer,Goedgekeurd na overleg,True
a00197-demo,sanne.vandermeer@avondrood.local,u00197,Visio,p0003-demo-0000-0000-000000000000,20240003DEMO,2023-07-27T00:00:00.000,2023-07-27T02:00:00.000,,Request,Puck Kalisvaart,Akkoord,True
a00198-demo,joris.pronk@avondrood.local,u00198,Visio,p0003-demo-0000-0000-000000000000,20240003DEMO,2023-03-17T14:00:00.000,2023-03-19T16:00:00.000,,Request,Guusje Smits,Conform aanvraag,True
a00199-demo,xander.dehaan@avondrood.local,u00199,Visio,p0003-demo-0000-0000-000000000000,20240003DEMO,2025-11-29T05:00:00.000,2025-11-29T17:00:00.000,,Import,Guusje Smits,Ok,True
a00200-demo,cato.nagtegaal@avondrood.local,u00200,Visio,p0003-demo-0000-0000-000000000000,20240003DEMO,2025-06-08T19:00:00.000,2025-06-10T15:00:00.000,,Request,Floris Willems,"Akkoord, tijdelijk",True
a00201-demo,daan.prins@avondrood.local,u00201,Visio,p0003-demo-0000-0000-000000000000,20240003DEMO,2023-12-10T22:00:00.000,2023-12-12T03:00:00.000,,Request,daan.prins@avondrood.local,Ok,True
a00202-demo,bas.dehaan@avondrood.local,u00202,Visio,p0003-demo-0000-0000-000000000000,20240003DEMO,2026-05-27T05:00:00.000,2026-05-27T20:00:00.000,,Request,Elise Berkhout,Ok,True
a00203-demo,tijn.elzinga@avondrood.local,u00203,Visio,p0003-demo-0000-0000-000000000000,20240003DEMO,2025-08-09T15:00:00.000,2025-08-09T23:00:00.000,,Request,Elise Berkhout,"Akkoord, tijdelijk",True
a00204-demo,rosa.vandam@avondrood.local,u00204,Visio,p0003-demo-0000-0000-000000000000,20240003DEMO,2025-10-01T11:00:00.000,2025-10-03T04:00:00.000,,Import,Bram Elzinga,Nodig voor de functie,True
a00205-demo,daan.huisman@avondrood.local,u00205,Visio,p0003-demo-0000-0000-000000000000,20240003DEMO,2026-04-11T10:00:00.000,2026-04-13T18:00:00.000,,Request,Roos Quaedvlieg,Akkoord – zie ticket,True
a00206-demo,hanna.debruijn@avondrood.local,u00206,Visio,p0003-demo-0000-0000-000000000000,20240003DEMO,2025-11-14T14:00:00.000,2025-11-16T20:00:00.000,,Request,Guusje Smits,Akkoord – zie ticket,True
a00207-demo,floris.dijkgraaf@avondrood.local,u00207,Visio,p0003-demo-0000-0000-000000000000,20240003DEMO,2023-04-12T18:00:00.000,2023-04-15T11:00:00.000,,Request,Bram Elzinga,Conform aanvraag,True
a00208-demo,gerben.dijkstra@avondrood.local,u00208,Visio,p0003-demo-0000-0000-000000000000,20240003DEMO,2025-03-01T00:00:00.000,2025-03-02T04:00:00.000,,Request,Roos Quaedvlieg,Ok,True
a00209-demo,yfke.vandijk@avondrood.local,u00209,Visio,p0003-demo-0000-0000-000000000000,20240003DEMO,2023-11-01T03:00:00.000,2023-11-03T23:00:00.000,,Import,Sem Slootweg,Goedgekeurd na overleg,True
a00210-demo,puck.quaedvlieg@avondrood.local,u00210,Visio,p0003-demo-0000-0000-000000000000,20240003DEMO,2025-01-19T13:00:00.000,2025-01-22T10:00:00.000,,Request,Elise Berkhout,Goedgekeurd na overleg,True
a00211-demo,jet.brouwer@avondrood.local,u00211,Visio,p0003-demo-0000-0000-000000000000,20240003DEMO,2026-04-01T01:00:00.000,2026-04-02T04:00:00.000,,Request,Guusje Smits,Conform aanvraag,True
a00212-demo,maarten.lindeboom@avondrood.local,u00212,Visio,p0003-demo-0000-0000-000000000000,20240003DEMO,2025-11-23T15:00:00.000,2025-11-24T11:00:00.000,,Request,Bram Elzinga,Nodig voor de functie,True
a00213-demo,anne.aalbers@avondrood.local,u00213,Visio,p0003-demo-0000-0000-000000000000,20240003DEMO,2024-03-08T02:00:00.000,2024-03-09T08:00:00.000,,Request,Bram Elzinga,Ok,True
a00214-demo,bas.dijkstra@avondrood.local,u00214,Visio,p0003-demo-0000-0000-000000000000,20240003DEMO,2025-07-21T19:00:00.000,2025-07-22T13:00:00.000,,Request,Fenna de Boer,Conform aanvraag,True
a00215-demo,wessel.dijkstra@avondrood.local,u00215,Visio,p0003-demo-0000-0000-000000000000,20240003DEMO,2023-04-30T10:00:00.000,2023-05-01T09:00:00.000,,Request,Puck Kalisvaart,Akkoord – zie ticket,True
a00216-demo,kim.visser@avondrood.local,u00216,Visio,p0003-demo-0000-0000-000000000000,20240003DEMO,2024-01-09T07:00:00.000,2024-01-11T20:00:00.000,,Request,Tijn Vroegindeweij,"Akkoord, tijdelijk",True
a00217-demo,bram.vandenheuvel@avondrood.local,u00217,Visio,p0003-demo-0000-0000-000000000000,20240003DEMO,2024-03-09T12:00:00.000,2024-03-11T14:00:00.000,,Request,Zoë Willems,Goedgekeurd na overleg,True
a00218-demo,jelle.post@avondrood.local,u00218,Visio,p0003-demo-0000-0000-000000000000,20240003DEMO,2024-06-11T05:00:00.000,2024-06-13T02:00:00.000,,Request,Rens de Graaf,"Akkoord, tijdelijk",True
a00219-demo,olivier.janssen@avondrood.local,u00219,Visio,p0003-demo-0000-0000-000000000000,20240003DEMO,2022-11-30T19:00:00.000,2022-12-01T12:00:00.000,,Request,Bram Elzinga,Goedgekeurd na overleg,True
a00220-demo,stijn.elzinga@avondrood.local,u00220,Visio,p0003-demo-0000-0000-000000000000,20240003DEMO,2024-09-06T21:00:00.000,2024-09-08T06:00:00.000,,Request,Guusje Smits,Akkoord,True
a00221-demo,amber.peeters@avondrood.local,u00221,Visio,p0003-demo-0000-0000-000000000000,20240003DEMO,2024-12-20T10:00:00.000,2024-12-22T08:00:00.000,,Request,,,
a00222-demo,nora.vos@avondrood.local,u00222,Visio,p0003-demo-0000-0000-000000000000,20240003DEMO,2024-04-22T15:00:00.000,2024-04-23T10:00:00.000,,Request,,,
a00223-demo,zoe.vroegindeweij@avondrood.local,u00223,Visio,p0003-demo-0000-0000-000000000000,20240003DEMO,2023-08-29T04:00:00.000,2023-08-31T08:00:00.000,,Request,Rens de Graaf,Akkoord – zie ticket,True
a00224-demo,eva.zomerdijk@avondrood.local,u00224,Visio,p0003-demo-0000-0000-000000000000,20240003DEMO,2025-02-19T16:00:00.000,2025-02-20T05:00:00.000,,Request,,,
a00225-demo,joris.meijer@avondrood.local,u00225,Visio,p0003-demo-0000-0000-000000000000,20240003DEMO,2022-09-23T20:00:00.000,2022-09-24T21:00:00.000,,Request,Sem Slootweg,"Akkoord, tijdelijk",True
a00226-demo,lars.jacobs@avondrood.local,u00226,Visio,p0003-demo-0000-0000-000000000000,20240003DEMO,2024-12-16T23:00:00.000,2024-12-17T22:00:00.000,,Request,Sem Slootweg,Conform aanvraag,True
a00227-demo,iris.dijkstra2@avondrood.local,u00227,Visio,p0003-demo-0000-0000-000000000000,20240003DEMO,2025-05-28T23:00:00.000,2025-05-31T15:00:00.000,,Import,,,
a00228-demo,olivier.pronk@avondrood.local,u00228,Visio,p0003-demo-0000-0000-000000000000,20240003DEMO,2025-07-24T13:00:00.000,2025-07-25T16:00:00.000,,Request,olivier.pronk@avondrood.local,Ok,True
a00229-demo,sem.slootweg@avondrood.local,u00229,Visio,p0003-demo-0000-0000-000000000000,20240003DEMO,2023-12-03T12:00:00.000,2023-12-05T12:00:00.000,,Request,,,
a00230-demo,jelle.zomerdijk@avondrood.local,u00230,Visio,p0003-demo-0000-0000-000000000000,20240003DEMO,2025-06-14T21:00:00.000,2025-06-15T19:00:00.000,,Request,,,
a00231-demo,veerle.janssen@avondrood.local,u00231,Visio,p0003-demo-0000-0000-000000000000,20240003DEMO,2025-08-30T02:00:00.000,2025-08-31T21:00:00.000,,Request,Bram Elzinga,Conform aanvraag,True
a00232-demo,xander.elzinga@avondrood.local,u00232,Visio,p0003-demo-0000-0000-000000000000,20240003DEMO,2023-04-14T20:00:00.000,2023-04-16T02:00:00.000,,Request,Ursula Nagtegaal,"Akkoord, tijdelijk",True
a00233-demo,wessel.jacobs@avondrood.local,u00233,Visio,p0003-demo-0000-0000-000000000000,20240003DEMO,2025-03-01T15:00:00.000,2025-03-03T11:00:00.000,,Request,Elise Berkhout,Akkoord – zie ticket,True
a00234-demo,floris.smit@avondrood.local,u00234,Visio,p0003-demo-0000-0000-000000000000,20240003DEMO,2025-09-25T05:00:00.000,2025-09-27T18:00:00.000,,Request,Fenna de Boer,Akkoord,True
a00235-demo,veerle.jacobs@avondrood.local,u00235,Visio,p0003-demo-0000-0000-000000000000,20240003DEMO,2025-08-29T15:00:00.000,2025-08-31T03:00:00.000,,Request,Tijn Vroegindeweij,Akkoord – zie ticket,True
a00236-demo,noa.vermeulen@avondrood.local,u00236,Visio,p0003-demo-0000-0000-000000000000,20240003DEMO,2023-03-20T11:00:00.000,2023-03-20T14:00:00.000,,Request,Rens de Graaf,Ok,True
a00237-demo,ursula.ipenburg@avondrood.local,u00237,Visio,p0003-demo-0000-0000-000000000000,20240003DEMO,2023-08-30T02:00:00.000,2023-08-31T18:00:00.000,,Request,Bram Elzinga,Nodig voor de functie,True
a00238-demo,floris.wielenga@avondrood.local,u00238,Visio,p0003-demo-0000-0000-000000000000,20240003DEMO,2024-05-15T07:00:00.000,2024-05-16T21:00:00.000,,Request,Guusje Smits,"Akkoord, tijdelijk",True
a00239-demo,carlijn.vanleeuwen@avondrood.local,u00239,Visio,p0003-demo-0000-0000-000000000000,20240003DEMO,2024-04-22T10:00:00.000,2024-04-24T03:00:00.000,,Request,Elise Berkhout,Akkoord – zie ticket,True
a00240-demo,koen.hoekman@avondrood.local,u00240,Visio,p0003-demo-0000-0000-000000000000,20240003DEMO,2022-09-08T11:00:00.000,2022-09-10T02:00:00.000,,Import,Roos Quaedvlieg,"Akkoord, tijdelijk",True
a00241-demo,pien.hendriks@avondrood.local,u00241,Visio,p0003-demo-0000-0000-000000000000,20240003DEMO,2026-01-11T05:00:00.000,2026-01-13T06:00:00.000,,Request,Floris Willems,Nodig voor de functie,True
a00242-demo,fenna.pronk@avondrood.local,u00242,Visio,p0003-demo-0000-0000-000000000000,20240003DEMO,2024-04-09T12:00:00.000,2024-04-12T00:00:00.000,,Request,Zoë Willems,Goedgekeurd na overleg,True
a00243-demo,daphne.willems@avondrood.local,u00243,Visio,p0003-demo-0000-0000-000000000000,20240003DEMO,2026-07-05T09:00:00.000,2026-07-06T17:00:00.000,,Request,Guusje Smits,Goedgekeurd na overleg,True
a00244-demo,bram.janssen@avondrood.local,u00244,Visio,p0003-demo-0000-0000-000000000000,20240003DEMO,2026-06-28T02:00:00.000,2026-06-28T06:00:00.000,2027-05-24T06:00:00,Request,Floris Willems,Goedgekeurd na overleg,True
a00245-demo,vera.vandam@avondrood.local,u00245,Visio,p0003-demo-0000-0000-000000000000,20240003DEMO,2025-08-27T00:00:00.000,2025-08-27T01:00:00.000,,Request,Tijn Vroegindeweij,"Akkoord, tijdelijk",True
a00246-demo,sofie.quaedvlieg@avondrood.local,u00246,Visio,p0003-demo-0000-0000-000000000000,20240003DEMO,2023-11-16T06:00:00.000,2023-11-17T12:00:00.000,,Request,Guusje Smits,Conform aanvraag,True
a00247-demo,mila.coenen@avondrood.local,u00247,Visio,p0003-demo-0000-0000-000000000000,20240003DEMO,2025-10-21T23:00:00.000,2025-10-24T10:00:00.000,,Request,Bram Elzinga,Nodig voor de functie,True
a00248-demo,sofie.muijs@avondrood.local,u00248,Visio,p0003-demo-0000-0000-000000000000,20240003DEMO,2025-12-30T13:00:00.000,2026-01-02T12:00:00.000,2027-02-04T12:00:00,Request,Fenna de Boer,Ok,True
a00249-demo,maarten.lindeboom@avondrood.local,u00249,Project,p0004-demo-0000-0000-000000000000,20240004DEMO,2025-11-28T13:00:00.000,2025-11-29T03:00:00.000,,Request,Bram Elzinga,Akkoord – zie ticket,True
a00250-demo,nienke.lindeboom@avondrood.local,u00250,Project,p0004-demo-0000-0000-000000000000,20240004DEMO,2024-10-17T10:00:00.000,2024-10-18T21:00:00.000,,Request,Zoë Willems,Nodig voor de functie,True
a00251-demo,wessel.lindeboom@avondrood.local,u00251,Project,p0004-demo-0000-0000-000000000000,20240004DEMO,2024-05-19T22:00:00.000,2024-05-22T13:00:00.000,,Request,Fenna de Boer,Akkoord,True
a00252-demo,cato.vandenbroek@avondrood.local,u00252,Project,p0004-demo-0000-0000-000000000000,20240004DEMO,2024-06-27T06:00:00.000,2024-06-28T02:00:00.000,,Request,Rens de Graaf,Goedgekeurd na overleg,True
a00253-demo,eva.lindeboom@avondrood.local,u00253,Project,p0004-demo-0000-0000-000000000000,20240004DEMO,2024-05-08T14:00:00.000,2024-05-08T21:00:00.000,,Request,Zoë Willems,Akkoord,True
a00254-demo,guusje.vandenbroek@avondrood.local,u00254,Project,p0004-demo-0000-0000-000000000000,20240004DEMO,2023-11-28T21:00:00.000,2023-11-30T04:00:00.000,2024-02-23T04:00:00,Request,Bram Elzinga,Ok,True
a00255-demo,sofie.coenen@avondrood.local,u00255,Project,p0004-demo-0000-0000-000000000000,20240004DEMO,2022-08-31T22:00:00.000,2022-09-03T01:00:00.000,,Import,,,
a00256-demo,koen.hoekman@avondrood.local,u00256,Project,p0004-demo-0000-0000-000000000000,20240004DEMO,2022-10-25T04:00:00.000,2022-10-27T14:00:00.000,,Request,Roos Quaedvlieg,Akkoord – zie ticket,True
a00257-demo,mila.coenen@avondrood.local,u00257,Project,p0004-demo-0000-0000-000000000000,20240004DEMO,2026-04-09T03:00:00.000,2026-04-10T08:00:00.000,,Request,Bram Elzinga,Akkoord,True
a00258-demo,nienke.oosterhuis@avondrood.local,u00258,Project,p0004-demo-0000-0000-000000000000,20240004DEMO,2025-06-08T05:00:00.000,2025-06-08T15:00:00.000,,Request,Puck Kalisvaart,"Akkoord, tijdelijk",True
a00259-demo,nienke.vandenheuvel@avondrood.local,u00259,Project,p0004-demo-0000-0000-000000000000,20240004DEMO,2025-07-23T18:00:00.000,2025-07-24T10:00:00.000,,Request,Bram Elzinga,Conform aanvraag,True
a00260-demo,wout.devries@avondrood.local,u00260,Project,p0004-demo-0000-0000-000000000000,20240004DEMO,2024-05-19T05:00:00.000,2024-05-19T11:00:00.000,,Request,Sem Slootweg,Nodig voor de functie,True
a00261-demo,hugo.vermeulen@avondrood.local,u00261,Project,p0004-demo-0000-0000-000000000000,20240004DEMO,2024-01-01T18:00:00.000,2024-01-02T18:00:00.000,,Request,Fenna de Boer,"Akkoord, tijdelijk",True
a00262-demo,bart.dehaan@avondrood.local,u00262,Project,p0004-demo-0000-0000-000000000000,20240004DEMO,2023-05-22T17:00:00.000,2023-05-24T11:00:00.000,,Request,Ursula Nagtegaal,Conform aanvraag,True
a00263-demo,sanne.hoekstra@avondrood.local,u00263,Project,p0004-demo-0000-0000-000000000000,20240004DEMO,2024-07-16T20:00:00.000,2024-07-17T21:00:00.000,,Request,Roos Quaedvlieg,"Akkoord, tijdelijk",True
a00264-demo,bas.dijkstra@avondrood.local,u00264,Project,p0004-demo-0000-0000-000000000000,20240004DEMO,2024-12-05T21:00:00.000,2024-12-08T00:00:00.000,,Request,Fenna de Boer,Nodig voor de functie,True
a00265-demo,dirk.huisman@avondrood.local,u00265,Project,p0004-demo-0000-0000-000000000000,20240004DEMO,2024-10-23T07:00:00.000,2024-10-23T21:00:00.000,,Request,Puck Kalisvaart,Akkoord,True
a00266-demo,jasper.dekker@avondrood.local,u00266,Project,p0004-demo-0000-0000-000000000000,20240004DEMO,2026-04-30T09:00:00.000,2026-05-01T14:00:00.000,,Request,Guusje Smits,"Akkoord, tijdelijk",True
a00267-demo,fenna.vos@avondrood.local,u00267,Project,p0004-demo-0000-0000-000000000000,20240004DEMO,2022-08-19T22:00:00.000,2022-08-20T14:00:00.000,,Request,Puck Kalisvaart,Goedgekeurd na overleg,True
a00268-demo,noa.schouten@avondrood.local,u00268,Project,p0004-demo-0000-0000-000000000000,20240004DEMO,2025-07-03T23:00:00.000,2025-07-06T11:00:00.000,,Request,Elise Berkhout,"Akkoord, tijdelijk",True
a00269-demo,roos.smit@avondrood.local,u00269,Project,p0004-demo-0000-0000-000000000000,20240004DEMO,2022-09-27T18:00:00.000,2022-09-28T10:00:00.000,,Request,roos.smit@avondrood.local,Akkoord – zie ticket,True
a00270-demo,isa.jonker@avondrood.local,u00270,Project,p0004-demo-0000-0000-000000000000,20240004DEMO,2026-07-21T01:00:00.000,2026-07-22T01:00:00.000,,Request,Sem Slootweg,Nodig voor de functie,True
a00271-demo,kim.visser@avondrood.local,u00271,Project,p0004-demo-0000-0000-000000000000,20240004DEMO,2024-03-11T16:00:00.000,2024-03-13T07:00:00.000,2024-05-17T07:00:00,Request,Tijn Vroegindeweij,Akkoord – zie ticket,True
a00272-demo,roos.vermeulen@avondrood.local,u00272,Project,p0004-demo-0000-0000-000000000000,20240004DEMO,2025-02-24T09:00:00.000,2025-02-27T08:00:00.000,,Request,roos.vermeulen@avondrood.local,Nodig voor de functie,True
a00273-demo,floris.vandijk@avondrood.local,u00273,Project,p0004-demo-0000-0000-000000000000,20240004DEMO,2024-08-27T16:00:00.000,2024-08-28T11:00:00.000,,Import,Zoë Willems,Ok,True
a00274-demo,lotte.vandenheuvel@avondrood.local,u00274,Project,p0004-demo-0000-0000-000000000000,20240004DEMO,2024-03-19T02:00:00.000,2024-03-20T21:00:00.000,,Request,Fenna de Boer,"Akkoord, tijdelijk",True
a00275-demo,ursula.deboer@avondrood.local,u00275,Project,p0004-demo-0000-0000-000000000000,20240004DEMO,2025-04-12T14:00:00.000,2025-04-14T10:00:00.000,,Request,Puck Kalisvaart,Akkoord,True
a00276-demo,guusje.ipenburg@avondrood.local,u00276,Project,p0004-demo-0000-0000-000000000000,20240004DEMO,2026-04-20T07:00:00.000,2026-04-22T20:00:00.000,,Request,Puck Kalisvaart,"Akkoord, tijdelijk",True
a00277-demo,isa.hoekstra@avondrood.local,u00277,Project,p0004-demo-0000-0000-000000000000,20240004DEMO,2024-08-13T00:00:00.000,2024-08-14T22:00:00.000,,Request,Elise Berkhout,Goedgekeurd na overleg,True
a00278-demo,daphne.willems@avondrood.local,u00278,Project,p0004-demo-0000-0000-000000000000,20240004DEMO,2024-02-17T08:00:00.000,2024-02-20T06:00:00.000,,Request,Guusje Smits,"Akkoord, tijdelijk",True
a00279-demo,zef.dijkgraaf@avondrood.local,u00279,Project,p0004-demo-0000-0000-000000000000,20240004DEMO,2023-08-17T11:00:00.000,2023-08-17T15:00:00.000,2024-01-28T15:00:00,Request,Guusje Smits,Akkoord,True
a00280-demo,vera.vandam@avondrood.local,u00280,Project,p0004-demo-0000-0000-000000000000,20240004DEMO,2022-10-11T02:00:00.000,2022-10-11T21:00:00.000,,Request,Tijn Vroegindeweij,Akkoord – zie ticket,True
a00281-demo,carlijn.smit@avondrood.local,u00281,Project,p0004-demo-0000-0000-000000000000,20240004DEMO,2025-03-31T16:00:00.000,2025-04-01T10:00:00.000,,Request,Roos Quaedvlieg,Conform aanvraag,True
a00282-demo,iris.dijkstra@avondrood.local,u00282,Project,p0004-demo-0000-0000-000000000000,20240004DEMO,2024-05-07T07:00:00.000,2024-05-07T20:00:00.000,,Import,Elise Berkhout,Goedgekeurd na overleg,True
a00283-demo,noa.huisman@avondrood.local,u00283,Project,p0004-demo-0000-0000-000000000000,20240004DEMO,2024-05-12T00:00:00.000,2024-05-12T03:00:00.000,,Request,Elise Berkhout,Conform aanvraag,True
a00284-demo,finn.vandenbroek@avondrood.local,u00284,Project,p0004-demo-0000-0000-000000000000,20240004DEMO,2022-09-04T13:00:00.000,2022-09-04T19:00:00.000,,Request,Fenna de Boer,"Akkoord, tijdelijk",True
a00285-demo,gerben.bakker@avondrood.local,u00285,Project,p0004-demo-0000-0000-000000000000,20240004DEMO,2026-04-16T17:00:00.000,2026-04-18T20:00:00.000,,Request,,,
a00286-demo,sanne.vandermeer2@avondrood.local,u00286,Project,p0004-demo-0000-0000-000000000000,20240004DEMO,2025-09-11T13:00:00.000,2025-09-13T00:00:00.000,,Request,Fenna de Boer,Akkoord – zie ticket,True
a00287-demo,gerben.kuipers@avondrood.local,u00287,Project,p0004-demo-0000-0000-000000000000,20240004DEMO,2023-12-10T08:00:00.000,2023-12-13T03:00:00.000,,Request,Roos Quaedvlieg,Nodig voor de functie,True
a00288-demo,puck.ipenburg@avondrood.local,u00288,Project,p0004-demo-0000-0000-000000000000,20240004DEMO,2025-09-06T16:00:00.000,2025-09-06T21:00:00.000,,Request,Zoë Willems,Nodig voor de functie,True
a00289-demo,sem.slootweg@avondrood.local,u00289,Project,p0004-demo-0000-0000-000000000000,20240004DEMO,2023-10-02T03:00:00.000,2023-10-03T01:00:00.000,,Import,Sem Slootweg,Goedgekeurd na overleg,True
a00290-demo,xander.elzinga@avondrood.local,u00290,Project,p0004-demo-0000-0000-000000000000,20240004DEMO,2026-07-06T22:00:00.000,2026-07-08T18:00:00.000,2027-04-14T18:00:00,Import,Ursula Nagtegaal,Ok,True
a00291-demo,nora.vanderveen@avondrood.local,u00291,Project,p0004-demo-0000-0000-000000000000,20240004DEMO,2025-10-10T22:00:00.000,2025-10-13T05:00:00.000,,Request,Floris Willems,Conform aanvraag,True
a00292-demo,maarten.muijs@avondrood.local,u00292,Project,p0004-demo-0000-0000-000000000000,20240004DEMO,2025-02-24T08:00:00.000,2025-02-25T03:00:00.000,,Request,,,
a00293-demo,mila.dekker2@avondrood.local,u00293,Project,p0004-demo-0000-0000-000000000000,20240004DEMO,2023-06-29T09:00:00.000,2023-07-01T15:00:00.000,,Request,Floris Willems,Nodig voor de functie,True
a00294-demo,maarten.lindeboom@avondrood.local,u00294,Beheerderstoegang AD,p0005-demo-0000-0000-000000000000,20240005DEMO,2023-09-28T19:00:00.000,2023-09-30T22:00:00.000,,Request,Bram Elzinga,Conform aanvraag,True
a00295-demo,daphne.bakker@avondrood.local,u00295,Beheerderstoegang AD,p0005-demo-0000-0000-000000000000,20240005DEMO,2023-03-24T01:00:00.000,2023-03-25T02:00:00.000,,Request,Rens de Graaf,Akkoord,True
a00296-demo,bram.vandenheuvel@avondrood.local,u00296,Beheerderstoegang AD,p0005-demo-0000-0000-000000000000,20240005DEMO,2024-09-22T21:00:00.000,2024-09-25T08:00:00.000,,Request,Zoë Willems,Ok,True
a00297-demo,joris.hendriks@avondrood.local,u00297,Beheerderstoegang AD,p0005-demo-0000-0000-000000000000,20240005DEMO,2024-09-17T23:00:00.000,2024-09-20T14:00:00.000,,Request,joris.hendriks@avondrood.local,Goedgekeurd na overleg,True
a00298-demo,gijs.vanbeek@avondrood.local,u00298,Beheerderstoegang AD,p0005-demo-0000-0000-000000000000,20240005DEMO,2023-11-28T22:00:00.000,2023-11-29T13:00:00.000,,Request,Puck Kalisvaart,Nodig voor de functie,True
a00299-demo,mila.vanderlinden@avondrood.local,u00299,Beheerderstoegang AD,p0005-demo-0000-0000-000000000000,20240005DEMO,2026-03-03T23:00:00.000,2026-03-06T12:00:00.000,,Request,Fenna de Boer,Akkoord – zie ticket,True
a00300-demo,nienke.oosterhuis@avondrood.local,u00300,Beheerderstoegang AD,p0005-demo-0000-0000-000000000000,20240005DEMO,2024-02-06T02:00:00.000,2024-02-08T09:00:00.000,,Request,Puck Kalisvaart,Ok,True
a00301-demo,vera.brouwer@avondrood.local,u00301,Exchange-beheer,p0006-demo-0000-0000-000000000000,20240006DEMO,2024-11-03T09:00:00.000,2024-11-03T11:00:00.000,,Import,Zoë Willems,Nodig voor de functie,True
a00302-demo,gerben.wielenga@avondrood.local,u00302,Exchange-beheer,p0006-demo-0000-0000-000000000000,20240006DEMO,2026-05-07T00:00:00.000,2026-05-09T11:00:00.000,,Request,Ursula Nagtegaal,Nodig voor de functie,True
a00303-demo,finn.uijlenbroek@avondrood.local,u00303,Exchange-beheer,p0006-demo-0000-0000-000000000000,20240006DEMO,2022-08-24T17:00:00.000,2022-08-26T23:00:00.000,,Request,Puck Kalisvaart,Nodig voor de functie,True
a00304-demo,jelle.janssen@avondrood.local,u00304,Exchange-beheer,p0006-demo-0000-0000-000000000000,20240006DEMO,2025-03-09T23:00:00.000,2025-03-12T21:00:00.000,,Request,Bram Elzinga,Nodig voor de functie,True
a00305-demo,rens.deboer@avondrood.local,u00305,Exchange-beheer,p0006-demo-0000-0000-000000000000,20240006DEMO,2026-04-02T14:00:00.000,2026-04-03T03:00:00.000,,Request,,,
a00306-demo,yfke.hendriks@avondrood.local,u00306,Exchange-beheer,p0006-demo-0000-0000-000000000000,20240006DEMO,2025-06-20T20:00:00.000,2025-06-22T14:00:00.000,,Request,Floris Willems,Ok,True
a00307-demo,carlijn.jacobs@avondrood.local,u00307,Noodprocedure breakglass,p0007-demo-0000-0000-000000000000,20240007DEMO,2025-03-01T23:00:00.000,2025-03-03T05:00:00.000,,Request,,,
a00308-demo,emma.elzinga@avondrood.local,u00308,Noodprocedure breakglass,p0007-demo-0000-0000-000000000000,20240007DEMO,2022-08-30T20:00:00.000,2022-08-31T03:00:00.000,,Import,Sem Slootweg,Ok,True
a00309-demo,rosa.vandam@avondrood.local,u00309,Noodprocedure breakglass,p0007-demo-0000-0000-000000000000,20240007DEMO,2025-07-15T14:00:00.000,2025-07-16T05:00:00.000,,Import,Bram Elzinga,Goedgekeurd na overleg,True
a00310-demo,koen.uijlenbroek@avondrood.local,u00310,Noodprocedure breakglass,p0007-demo-0000-0000-000000000000,20240007DEMO,2024-01-03T17:00:00.000,2024-01-06T00:00:00.000,,Import,,,
a00311-demo,anne.jacobs@avondrood.local,u00311,Thuiswerkplek,p0008-demo-0000-0000-000000000000,20240008DEMO,2023-12-31T11:00:00.000,2024-01-01T04:00:00.000,,Request,Tijn Vroegindeweij,Nodig voor de functie,True
a00312-demo,amber.peters@avondrood.local,u00312,Thuiswerkplek,p0008-demo-0000-0000-000000000000,20240008DEMO,2026-06-16T07:00:00.000,2026-06-16T16:00:00.000,,Request,Floris Willems,"Akkoord, tijdelijk",True
a00313-demo,emma.elzinga@avondrood.local,u00313,Thuiswerkplek,p0008-demo-0000-0000-000000000000,20240008DEMO,2022-10-07T21:00:00.000,2022-10-09T21:00:00.000,,Request,Sem Slootweg,Akkoord – zie ticket,True
a00314-demo,eva.slootweg@avondrood.local,u00314,Thuiswerkplek,p0008-demo-0000-0000-000000000000,20240008DEMO,2023-11-04T07:00:00.000,2023-11-07T02:00:00.000,,Request,,,
a00315-demo,joris.ipenburg@avondrood.local,u00315,Thuiswerkplek,p0008-demo-0000-0000-000000000000,20240008DEMO,2023-10-22T23:00:00.000,2023-10-24T21:00:00.000,2024-09-19T21:00:00,Request,Bram Elzinga,Ok,True
a00316-demo,rens.muijs@avondrood.local,u00316,Thuiswerkplek,p0008-demo-0000-0000-000000000000,20240008DEMO,2024-05-04T14:00:00.000,2024-05-04T17:00:00.000,,Request,Rens de Graaf,Goedgekeurd na overleg,True
a00317-demo,yara.slootweg@avondrood.local,u00317,Thuiswerkplek,p0008-demo-0000-0000-000000000000,20240008DEMO,2023-06-06T14:00:00.000,2023-06-06T19:00:00.000,,Request,Zoë Willems,Nodig voor de functie,True
a00318-demo,rens.muijs2@avondrood.local,u00318,Thuiswerkplek,p0008-demo-0000-0000-000000000000,20240008DEMO,2025-09-16T22:00:00.000,2025-09-19T08:00:00.000,,Request,,,
a00319-demo,rens.elzinga@avondrood.local,u00319,Thuiswerkplek,p0008-demo-0000-0000-000000000000,20240008DEMO,2024-07-28T18:00:00.000,2024-07-28T20:00:00.000,,Import,Bram Elzinga,Nodig voor de functie,True
a00320-demo,roos.uijlenbroek@avondrood.local,u00320,Thuiswerkplek,p0008-demo-0000-0000-000000000000,20240008DEMO,2024-04-30T16:00:00.000,2024-05-02T00:00:00.000,,Request,Ursula Nagtegaal,Goedgekeurd na overleg,True
a00321-demo,sofie.coenen@avondrood.local,u00321,Thuiswerkplek,p0008-demo-0000-0000-000000000000,20240008DEMO,2024-06-25T14:00:00.000,2024-06-27T13:00:00.000,,Request,Guusje Smits,Goedgekeurd na overleg,True
a00322-demo,floris.wielenga@avondrood.local,u00322,Thuiswerkplek,p0008-demo-0000-0000-000000000000,20240008DEMO,2025-05-24T21:00:00.000,2025-05-26T07:00:00.000,,Request,Guusje Smits,Akkoord – zie ticket,True
a00323-demo,floris.ipenburg2@avondrood.local,u00323,Thuiswerkplek,p0008-demo-0000-0000-000000000000,20240008DEMO,2025-11-23T08:00:00.000,2025-11-25T11:00:00.000,,Request,Guusje Smits,Akkoord,True
a00324-demo,kim.coenen@avondrood.local,u00324,Thuiswerkplek,p0008-demo-0000-0000-000000000000,20240008DEMO,2023-07-21T17:00:00.000,2023-07-24T13:00:00.000,,Import,Rens de Graaf,Akkoord – zie ticket,True
a00325-demo,floris.smit@avondrood.local,u00325,Thuiswerkplek,p0008-demo-0000-0000-000000000000,20240008DEMO,2025-02-26T17:00:00.000,2025-02-27T22:00:00.000,,Import,Fenna de Boer,Ok,True
a00326-demo,yara.jonker@avondrood.local,u00326,Thuiswerkplek,p0008-demo-0000-0000-000000000000,20240008DEMO,2023-12-19T22:00:00.000,2023-12-21T14:00:00.000,,Request,Ursula Nagtegaal,Akkoord,True
a00327-demo,olivier.jacobs@avondrood.local,u00327,Thuiswerkplek,p0008-demo-0000-0000-000000000000,20240008DEMO,2025-01-22T10:00:00.000,2025-01-24T10:00:00.000,,Request,Fenna de Boer,Akkoord – zie ticket,True
a00328-demo,emma.vanveen@avondrood.local,u00328,Thuiswerkplek,p0008-demo-0000-0000-000000000000,20240008DEMO,2022-08-27T06:00:00.000,2022-08-27T18:00:00.000,,Import,Puck Kalisvaart,Nodig voor de functie,True
a00329-demo,gerben.coenen@avondrood.local,u00329,Thuiswerkplek,p0008-demo-0000-0000-000000000000,20240008DEMO,2025-05-22T10:00:00.000,2025-05-24T04:00:00.000,,Request,Bram Elzinga,Nodig voor de functie,True
a00330-demo,fenna.deboer@avondrood.local,u00330,Thuiswerkplek,p0008-demo-0000-0000-000000000000,20240008DEMO,2026-07-08T21:00:00.000,2026-07-11T04:00:00.000,,Request,Fenna de Boer,Conform aanvraag,True
a00331-demo,carlijn.gerritsen@avondrood.local,u00331,Thuiswerkplek,p0008-demo-0000-0000-000000000000,20240008DEMO,2024-09-13T09:00:00.000,2024-09-13T11:00:00.000,,Request,Tijn Vroegindeweij,"Akkoord, tijdelijk",True
a00332-demo,dirk.willems@avondrood.local,u00332,Thuiswerkplek,p0008-demo-0000-0000-000000000000,20240008DEMO,2025-01-13T02:00:00.000,2025-01-15T09:00:00.000,,Request,Roos Quaedvlieg,"Akkoord, tijdelijk",True
a00333-demo,yara.pronk@avondrood.local,u00333,Thuiswerkplek,p0008-demo-0000-0000-000000000000,20240008DEMO,2024-09-07T12:00:00.000,2024-09-09T16:00:00.000,,Import,Roos Quaedvlieg,Akkoord – zie ticket,True
a00334-demo,nora.kuiper@avondrood.local,u00334,Thuiswerkplek,p0008-demo-0000-0000-000000000000,20240008DEMO,2024-04-24T23:00:00.000,2024-04-26T03:00:00.000,,Request,Ursula Nagtegaal,Akkoord,True
a00335-demo,amber.peeters@avondrood.local,u00335,Thuiswerkplek,p0008-demo-0000-0000-000000000000,20240008DEMO,2026-01-10T19:00:00.000,2026-01-11T22:00:00.000,,Request,Rens de Graaf,"Akkoord, tijdelijk",True
a00336-demo,jasper.smit@avondrood.local,u00336,Thuiswerkplek,p0008-demo-0000-0000-000000000000,20240008DEMO,2025-04-07T07:00:00.000,2025-04-10T03:00:00.000,,Request,Guusje Smits,Conform aanvraag,True
a00337-demo,isa.oosterhuis@avondrood.local,u00337,Thuiswerkplek,p0008-demo-0000-0000-000000000000,20240008DEMO,2024-10-28T09:00:00.000,2024-10-31T07:00:00.000,,Request,Tijn Vroegindeweij,Akkoord,True
a00338-demo,eva.lindeboom@avondrood.local,u00338,Thuiswerkplek,p0008-demo-0000-0000-000000000000,20240008DEMO,2022-10-24T10:00:00.000,2022-10-26T16:00:00.000,,Request,Zoë Willems,Conform aanvraag,True
a00339-demo,zoe.willems@avondrood.local,u00339,Thuiswerkplek,p0008-demo-0000-0000-000000000000,20240008DEMO,2024-10-13T15:00:00.000,2024-10-15T04:00:00.000,,Request,Zoë Willems,Ok,True
a00340-demo,eva.zomerdijk@avondrood.local,u00340,Thuiswerkplek,p0008-demo-0000-0000-000000000000,20240008DEMO,2024-08-13T16:00:00.000,2024-08-13T19:00:00.000,,Request,Guusje Smits,Goedgekeurd na overleg,True
a00341-demo,elise.hoekman@avondrood.local,u00341,Thuiswerkplek,p0008-demo-0000-0000-000000000000,20240008DEMO,2026-06-22T01:00:00.000,2026-06-24T14:00:00.000,,Import,Fenna de Boer,Nodig voor de functie,True
a00342-demo,emma.pronk@avondrood.local,u00342,Mobiele telefoon,p0009-demo-0000-0000-000000000000,20240009DEMO,2026-05-29T16:00:00.000,2026-05-31T23:00:00.000,,Request,Sem Slootweg,"Akkoord, tijdelijk",True
a00343-demo,finn.dijkgraaf@avondrood.local,u00343,Mobiele telefoon,p0009-demo-0000-0000-000000000000,20240009DEMO,2026-03-16T08:00:00.000,2026-03-16T09:00:00.000,,Request,,,
a00344-demo,noa.vanvliet@avondrood.local,u00344,Mobiele telefoon,p0009-demo-0000-0000-000000000000,20240009DEMO,2024-05-25T07:00:00.000,2024-05-26T15:00:00.000,,Request,Floris Willems,Ok,True
a00345-demo,sanne.hoekstra@avondrood.local,u00345,Mobiele telefoon,p0009-demo-0000-0000-000000000000,20240009DEMO,2023-07-31T08:00:00.000,2023-08-02T15:00:00.000,,Request,Roos Quaedvlieg,"Akkoord, tijdelijk",True
a00346-demo,hanna.jonker@avondrood.local,u00346,Mobiele telefoon,p0009-demo-0000-0000-000000000000,20240009DEMO,2023-05-26T00:00:00.000,2023-05-27T00:00:00.000,,Request,Bram Elzinga,Akkoord – zie ticket,True
a00347-demo,floris.ipenburg2@avondrood.local,u00347,Mobiele telefoon,p0009-demo-0000-0000-000000000000,20240009DEMO,2023-04-30T01:00:00.000,2023-05-01T14:00:00.000,,Request,Guusje Smits,Akkoord – zie ticket,True
a00348-demo,maarten.terlouw@avondrood.local,u00348,Mobiele telefoon,p0009-demo-0000-0000-000000000000,20240009DEMO,2025-04-28T17:00:00.000,2025-04-30T08:00:00.000,2025-08-11T08:00:00,Import,,,
a00349-demo,pepijn.bos@avondrood.local,u00349,Mobiele telefoon,p0009-demo-0000-0000-000000000000,20240009DEMO,2024-01-04T17:00:00.000,2024-01-05T16:00:00.000,,Request,Tijn Vroegindeweij,Akkoord,True
a00350-demo,bas.pronk@avondrood.local,u00350,Mobiele telefoon,p0009-demo-0000-0000-000000000000,20240009DEMO,2023-04-29T19:00:00.000,2023-05-02T01:00:00.000,,Request,,,
a00351-demo,fenna.pronk@avondrood.local,u00351,Mobiele telefoon,p0009-demo-0000-0000-000000000000,20240009DEMO,2026-07-12T02:00:00.000,2026-07-13T01:00:00.000,,Request,Zoë Willems,Akkoord – zie ticket,True
a00352-demo,otto.dijkstra@avondrood.local,u00352,Mobiele telefoon,p0009-demo-0000-0000-000000000000,20240009DEMO,2023-11-13T13:00:00.000,2023-11-16T12:00:00.000,2024-11-10T12:00:00,Request,Sem Slootweg,Ok,True
a00353-demo,maarten.terlouw@avondrood.local,u00353,Mobiele telefoon,p0009-demo-0000-0000-000000000000,20240009DEMO,2024-05-16T02:00:00.000,2024-05-17T05:00:00.000,,Request,Roos Quaedvlieg,Ok,True
a00354-demo,iris.dijkstra2@avondrood.local,u00354,Laptop,p0010-demo-0000-0000-000000000000,20240010DEMO,2025-07-29T07:00:00.000,2025-07-30T21:00:00.000,,Request,Elise Berkhout,Akkoord,True
a00355-demo,dirk.huisman@avondrood.local,u00355,Laptop,p0010-demo-0000-0000-000000000000,20240010DEMO,2023-01-19T23:00:00.000,2023-01-22T16:00:00.000,,Request,,,
a00356-demo,lotte.muijs@avondrood.local,u00356,Laptop,p0010-demo-0000-0000-000000000000,20240010DEMO,2024-09-21T13:00:00.000,2024-09-22T18:00:00.000,,Request,Sem Slootweg,Akkoord – zie ticket,True
a00357-demo,pien.hendriks@avondrood.local,u00357,Laptop,p0010-demo-0000-0000-000000000000,20240010DEMO,2025-03-25T08:00:00.000,2025-03-28T00:00:00.000,,Import,Floris Willems,Ok,True
a00358-demo,veerle.vermeulen@avondrood.local,u00358,Laptop,p0010-demo-0000-0000-000000000000,20240010DEMO,2024-03-23T22:00:00.000,2024-03-25T15:00:00.000,,Request,Tijn Vroegindeweij,Akkoord,True
a00359-demo,isa.jonker@avondrood.local,u00359,Laptop,p0010-demo-0000-0000-000000000000,20240010DEMO,2022-11-29T16:00:00.000,2022-11-30T11:00:00.000,,Request,Sem Slootweg,Akkoord – zie ticket,True
a00360-demo,yfke.debruijn@avondrood.local,u00360,Laptop,p0010-demo-0000-0000-000000000000,20240010DEMO,2024-04-30T06:00:00.000,2024-05-02T02:00:00.000,,Import,Fenna de Boer,Goedgekeurd na overleg,True
a00361-demo,koen.slootweg@avondrood.local,u00361,Laptop,p0010-demo-0000-0000-000000000000,20240010DEMO,2026-04-03T12:00:00.000,2026-04-04T15:00:00.000,,Request,Bram Elzinga,Nodig voor de functie,True
a00362-demo,guusje.vanderveen@avondrood.local,u00362,Laptop,p0010-demo-0000-0000-000000000000,20240010DEMO,2025-01-24T01:00:00.000,2025-01-24T19:00:00.000,,Import,Roos Quaedvlieg,Nodig voor de functie,True
a00363-demo,sofie.quaedvlieg@avondrood.local,u00363,Laptop,p0010-demo-0000-0000-000000000000,20240010DEMO,2025-05-22T17:00:00.000,2025-05-25T08:00:00.000,,Import,Guusje Smits,Goedgekeurd na overleg,True
a00364-demo,puck.quaedvlieg@avondrood.local,u00364,Laptop,p0010-demo-0000-0000-000000000000,20240010DEMO,2024-10-16T00:00:00.000,2024-10-18T16:00:00.000,,Import,Elise Berkhout,Akkoord – zie ticket,True
a00365-demo,mees.smit@avondrood.local,u00365,Laptop,p0010-demo-0000-0000-000000000000,20240010DEMO,2023-06-23T21:00:00.000,2023-06-26T15:00:00.000,,Request,Roos Quaedvlieg,Akkoord,True
a00366-demo,sofie.quaedvlieg@avondrood.local,u00366,Laptop,p0010-demo-0000-0000-000000000000,20240010DEMO,2023-11-24T22:00:00.000,2023-11-26T12:00:00.000,,Import,Guusje Smits,Akkoord,True
a00367-demo,otto.pronk@avondrood.local,u00367,Laptop,p0010-demo-0000-0000-000000000000,20240010DEMO,2023-12-26T20:00:00.000,2023-12-28T06:00:00.000,,Request,Roos Quaedvlieg,Ok,True
a00368-demo,floris.quaedvlieg@avondrood.local,u00368,Laptop,p0010-demo-0000-0000-000000000000,20240010DEMO,2024-01-18T09:00:00.000,2024-01-20T23:00:00.000,,Request,Ursula Nagtegaal,Nodig voor de functie,True
a00369-demo,tijn.dejong@avondrood.local,u00369,Parkeerplaats,p0011-demo-0000-0000-000000000000,20240011DEMO,2025-05-26T19:00:00.000,2025-05-27T04:00:00.000,,Request,Zoë Willems,Goedgekeurd na overleg,True
a00370-demo,sanne.fokkema@avondrood.local,u00370,Parkeerplaats,p0011-demo-0000-0000-000000000000,20240011DEMO,2025-06-11T19:00:00.000,2025-06-13T15:00:00.000,,Request,Floris Willems,Goedgekeurd na overleg,True
a00371-demo,finn.roozendaal@avondrood.local,u00371,Parkeerplaats,p0011-demo-0000-0000-000000000000,20240011DEMO,2023-10-16T09:00:00.000,2023-10-17T21:00:00.000,,Import,Elise Berkhout,"Akkoord, tijdelijk",True
a00372-demo,sofie.coenen@avondrood.local,u00372,Parkeerplaats,p0011-demo-0000-0000-000000000000,20240011DEMO,2023-04-20T11:00:00.000,2023-04-21T14:00:00.000,2024-01-30T14:00:00,Request,Guusje Smits,Ok,True
a00373-demo,maarten.muijs@avondrood.local,u00373,Parkeerplaats,p0011-demo-0000-0000-000000000000,20240011DEMO,2023-06-02T23:00:00.000,2023-06-05T21:00:00.000,,Request,Elise Berkhout,Nodig voor de functie,True
a00374-demo,tijn.vroegindeweij@avondrood.local,u00374,Parkeerplaats,p0011-demo-0000-0000-000000000000,20240011DEMO,2023-09-29T17:00:00.000,2023-09-29T18:00:00.000,,Request,Tijn Vroegindeweij,Akkoord – zie ticket,True
a00375-demo,yfke.vanvliet@avondrood.local,u00375,Parkeerplaats,p0011-demo-0000-0000-000000000000,20240011DEMO,2026-02-08T17:00:00.000,2026-02-10T02:00:00.000,,Request,Puck Kalisvaart,"Akkoord, tijdelijk",True
a00376-demo,eva.lindeboom@avondrood.local,u00376,Parkeerplaats,p0011-demo-0000-0000-000000000000,20240011DEMO,2026-06-16T04:00:00.000,2026-06-16T19:00:00.000,,Request,Zoë Willems,Ok,True
a00377-demo,gijs.vanbeek@avondrood.local,u00377,Parkeerplaats,p0011-demo-0000-0000-000000000000,20240011DEMO,2025-09-10T07:00:00.000,2025-09-10T12:00:00.000,,Request,Puck Kalisvaart,Akkoord – zie ticket,True
a00378-demo,yara.slootweg@avondrood.local,u00378,Parkeerplaats,p0011-demo-0000-0000-000000000000,20240011DEMO,2025-01-08T22:00:00.000,2025-01-11T14:00:00.000,,Request,Zoë Willems,"Akkoord, tijdelijk",True
a00379-demo,iris.kuipers@avondrood.local,u00379,Parkeerplaats,p0011-demo-0000-0000-000000000000,20240011DEMO,2023-10-13T06:00:00.000,2023-10-14T14:00:00.000,,Request,Rens de Graaf,Akkoord,True
a00380-demo,ursula.deboer@avondrood.local,u00380,Parkeerplaats,p0011-demo-0000-0000-000000000000,20240011DEMO,2024-04-27T17:00:00.000,2024-04-28T06:00:00.000,,Import,Puck Kalisvaart,Akkoord – zie ticket,True
a00381-demo,wessel.vanveen@avondrood.local,u00381,Parkeerplaats,p0011-demo-0000-0000-000000000000,20240011DEMO,2024-12-03T17:00:00.000,2024-12-05T14:00:00.000,,Request,Roos Quaedvlieg,Akkoord – zie ticket,True
a00382-demo,daphne.bakker@avondrood.local,u00382,Parkeerplaats,p0011-demo-0000-0000-000000000000,20240011DEMO,2025-02-26T20:00:00.000,2025-02-27T10:00:00.000,,Request,Rens de Graaf,Conform aanvraag,True
a00383-demo,vera.maas@avondrood.local,u00383,Parkeerplaats,p0011-demo-0000-0000-000000000000,20240011DEMO,2023-07-05T08:00:00.000,2023-07-07T12:00:00.000,,Import,Rens de Graaf,Goedgekeurd na overleg,True
a00384-demo,finn.uijlenbroek@avondrood.local,u00384,Parkeerplaats,p0011-demo-0000-0000-000000000000,20240011DEMO,2025-04-14T20:00:00.000,2025-04-17T00:00:00.000,,Request,Puck Kalisvaart,Nodig voor de functie,True
a00385-demo,iris.dijkstra2@avondrood.local,u00385,Parkeerplaats,p0011-demo-0000-0000-000000000000,20240011DEMO,2023-07-14T12:00:00.000,2023-07-16T08:00:00.000,,Request,,,
a00386-demo,stijn.degraaf@avondrood.local,u00386,Parkeerplaats,p0011-demo-0000-0000-000000000000,20240011DEMO,2024-07-16T05:00:00.000,2024-07-18T21:00:00.000,,Request,Bram Elzinga,Akkoord,True
a00387-demo,yara.kalisvaart@avondrood.local,u00387,Parkeerplaats,p0011-demo-0000-0000-000000000000,20240011DEMO,2022-10-13T22:00:00.000,2022-10-14T01:00:00.000,,Request,yara.kalisvaart@avondrood.local,Conform aanvraag,True
a00388-demo,sofie.quaedvlieg@avondrood.local,u00388,Parkeerplaats,p0011-demo-0000-0000-000000000000,20240011DEMO,2023-10-07T20:00:00.000,2023-10-08T19:00:00.000,,Request,Guusje Smits,Akkoord,True
a00389-demo,wessel.jacobs@avondrood.local,u00389,Tweede beeldscherm,p0012-demo-0000-0000-000000000000,20240012DEMO,2023-01-18T04:00:00.000,2023-01-20T07:00:00.000,,Request,Elise Berkhout,Goedgekeurd na overleg,True
a00390-demo,guusje.blom@avondrood.local,u00390,Tweede beeldscherm,p0012-demo-0000-0000-000000000000,20240012DEMO,2023-09-05T05:00:00.000,2023-09-06T17:00:00.000,,Request,Fenna de Boer,Akkoord – zie ticket,True
a00391-demo,jasper.huisman@avondrood.local,u00391,Tweede beeldscherm,p0012-demo-0000-0000-000000000000,20240012DEMO,2022-11-20T13:00:00.000,2022-11-21T10:00:00.000,,Request,Floris Willems,Nodig voor de functie,True
a00392-demo,olivier.janssen@avondrood.local,u00392,Tweede beeldscherm,p0012-demo-0000-0000-000000000000,20240012DEMO,2026-01-20T13:00:00.000,2026-01-22T02:00:00.000,,Request,Bram Elzinga,Akkoord – zie ticket,True
a00393-demo,lotte.vandenheuvel@avondrood.local,u00393,Tweede beeldscherm,p0012-demo-0000-0000-000000000000,20240012DEMO,2024-02-22T19:00:00.000,2024-02-23T06:00:00.000,,Request,Fenna de Boer,Nodig voor de functie,True
a00394-demo,yfke.vanveen@avondrood.local,u00394,Tweede beeldscherm,p0012-demo-0000-0000-000000000000,20240012DEMO,2025-04-29T06:00:00.000,2025-04-30T02:00:00.000,,Request,,,
a00395-demo,wessel.dijkstra@avondrood.local,u00395,Tweede beeldscherm,p0012-demo-0000-0000-000000000000,20240012DEMO,2023-01-04T05:00:00.000,2023-01-04T17:00:00.000,,Import,Puck Kalisvaart,Ok,True
a00396-demo,mila.coenen@avondrood.local,u00396,Tweede beeldscherm,p0012-demo-0000-0000-000000000000,20240012DEMO,2025-12-21T20:00:00.000,2025-12-24T15:00:00.000,,Request,Bram Elzinga,Ok,True
a00397-demo,roos.quaedvlieg@avondrood.local,u00397,Tweede beeldscherm,p0012-demo-0000-0000-000000000000,20240012DEMO,2023-07-18T17:00:00.000,2023-07-21T01:00:00.000,,Request,,,
a00398-demo,puck.kalisvaart@avondrood.local,u00398,Tweede beeldscherm,p0012-demo-0000-0000-000000000000,20240012DEMO,2024-11-07T13:00:00.000,2024-11-09T14:00:00.000,,Request,,,
a00399-demo,iris.kuipers@avondrood.local,u00399,Tweede beeldscherm,p0012-demo-0000-0000-000000000000,20240012DEMO,2023-10-04T09:00:00.000,2023-10-05T16:00:00.000,2024-08-02T16:00:00,Request,Rens de Graaf,Goedgekeurd na overleg,True
a00400-demo,maarten.muijs@avondrood.local,u00400,Tweede beeldscherm,p0012-demo-0000-0000-000000000000,20240012DEMO,2026-05-27T11:00:00.000,2026-05-27T13:00:00.000,,Request,Elise Berkhout,Akkoord – zie ticket,True
a00401-demo,mees.kuipers@avondrood.local,u00401,Tweede beeldscherm,p0012-demo-0000-0000-000000000000,20240012DEMO,2023-01-10T00:00:00.000,2023-01-12T09:00:00.000,,Request,Elise Berkhout,Goedgekeurd na overleg,True
a00402-demo,yara.jonker@avondrood.local,u00402,Tweede beeldscherm,p0012-demo-0000-0000-000000000000,20240012DEMO,2022-09-21T08:00:00.000,2022-09-23T00:00:00.000,,Request,Ursula Nagtegaal,Goedgekeurd na overleg,True
a00403-demo,finn.roozendaal@avondrood.local,u00403,Tweede beeldscherm,p0012-demo-0000-0000-000000000000,20240012DEMO,2025-02-19T10:00:00.000,2025-02-20T13:00:00.000,,Import,Elise Berkhout,Nodig voor de functie,True
a00404-demo,sem.jacobs@avondrood.local,u00404,Tweede beeldscherm,p0012-demo-0000-0000-000000000000,20240012DEMO,2026-06-19T22:00:00.000,2026-06-20T15:00:00.000,,Request,Guusje Smits,Conform aanvraag,True
a00405-demo,zoe.vroegindeweij@avondrood.local,u00405,Tweede beeldscherm,p0012-demo-0000-0000-000000000000,20240012DEMO,2023-02-15T13:00:00.000,2023-02-17T23:00:00.000,,Request,Rens de Graaf,Goedgekeurd na overleg,True
a00406-demo,emma.vermeulen@avondrood.local,u00406,Tweede beeldscherm,p0012-demo-0000-0000-000000000000,20240012DEMO,2022-12-20T18:00:00.000,2022-12-21T10:00:00.000,,Request,Sem Slootweg,Conform aanvraag,True
a00407-demo,guusje.vandenbroek@avondrood.local,u00407,Tweede beeldscherm,p0012-demo-0000-0000-000000000000,20240012DEMO,2023-04-03T11:00:00.000,2023-04-05T00:00:00.000,,Request,Bram Elzinga,Nodig voor de functie,True
a00408-demo,tess.deboer@avondrood.local,u00408,Tweede beeldscherm,p0012-demo-0000-0000-000000000000,20240012DEMO,2025-03-11T21:00:00.000,2025-03-14T16:00:00.000,,Request,Zoë Willems,Akkoord,True
a00409-demo,hanna.debruijn@avondrood.local,u00409,Tweede beeldscherm,p0012-demo-0000-0000-000000000000,20240012DEMO,2022-10-02T03:00:00.000,2022-10-04T10:00:00.000,,Request,Guusje Smits,Goedgekeurd na overleg,True
a00410-demo,gerben.oosterhuis@avondrood.local,u00410,Tweede beeldscherm,p0012-demo-0000-0000-000000000000,20240012DEMO,2023-10-11T00:00:00.000,2023-10-13T21:00:00.000,,Request,Elise Berkhout,Conform aanvraag,True
a00411-demo,teun.dehaan@avondrood.local,u00411,Tweede beeldscherm,p0012-demo-0000-0000-000000000000,20240012DEMO,2023-09-29T20:00:00.000,2023-10-01T03:00:00.000,,Request,Floris Willems,Ok,True
a00412-demo,emma.meijer@avondrood.local,u00412,Tweede beeldscherm,p0012-demo-0000-0000-000000000000,20240012DEMO,2023-05-02T20:00:00.000,2023-05-04T11:00:00.000,2024-03-04T11:00:00,Request,,,
a00413-demo,yfke.debruijn@avondrood.local,u00413,Tweede beeldscherm,p0012-demo-0000-0000-000000000000,20240012DEMO,2024-01-14T14:00:00.000,2024-01-17T14:00:00.000,,Request,Fenna de Boer,Conform aanvraag,True
a00414-demo,gerben.kok@avondrood.local,u00414,Tweede beeldscherm,p0012-demo-0000-0000-000000000000,20240012DEMO,2026-06-17T08:00:00.000,2026-06-19T14:00:00.000,,Request,Zoë Willems,Akkoord,True
a00415-demo,hanna.vandenbroek@avondrood.local,u00415,Tweede beeldscherm,p0012-demo-0000-0000-000000000000,20240012DEMO,2022-12-23T06:00:00.000,2022-12-23T20:00:00.000,,Request,Tijn Vroegindeweij,Ok,True
a00416-demo,elise.berkhout@avondrood.local,u00416,Tweede beeldscherm,p0012-demo-0000-0000-000000000000,20240012DEMO,2024-11-16T01:00:00.000,2024-11-16T14:00:00.000,,Request,Elise Berkhout,Ok,True
a00417-demo,gerben.coenen@avondrood.local,u00417,Tweede beeldscherm,p0012-demo-0000-0000-000000000000,20240012DEMO,2026-07-25T02:00:00.000,2026-07-26T08:00:00.000,,Request,Bram Elzinga,Akkoord,True
a00418-demo,pien.hendriks@avondrood.local,u00418,Tweede beeldscherm,p0012-demo-0000-0000-000000000000,20240012DEMO,2026-08-04T01:00:00.000,2026-08-05T06:00:00.000,,Request,,,
a00419-demo,lotte.vanleeuwen@avondrood.local,u00419,Tweede beeldscherm,p0012-demo-0000-0000-000000000000,20240012DEMO,2022-08-20T06:00:00.000,2022-08-22T21:00:00.000,,Request,Sem Slootweg,Goedgekeurd na overleg,True
a00420-demo,gerben.bakker@avondrood.local,u00420,Toegangspas hoofdlocatie,p0013-demo-0000-0000-000000000000,20240013DEMO,2023-10-11T04:00:00.000,2023-10-14T01:00:00.000,,Request,Ursula Nagtegaal,"Akkoord, tijdelijk",True
a00421-demo,olivier.janssen@avondrood.local,u00421,Toegangspas hoofdlocatie,p0013-demo-0000-0000-000000000000,20240013DEMO,2025-07-01T21:00:00.000,2025-07-03T09:00:00.000,,Request,,,
a00422-demo,thijs.kok@avondrood.local,u00422,Toegangspas hoofdlocatie,p0013-demo-0000-0000-000000000000,20240013DEMO,2025-07-16T09:00:00.000,2025-07-17T00:00:00.000,,Request,Ursula Nagtegaal,Akkoord,True
a00423-demo,hugo.vanderberg@avondrood.local,u00423,Toegangspas hoofdlocatie,p0013-demo-0000-0000-000000000000,20240013DEMO,2023-12-24T09:00:00.000,2023-12-25T12:00:00.000,,Request,Zoë Willems,"Akkoord, tijdelijk",True
a00424-demo,emma.pronk@avondrood.local,u00424,Toegangspas hoofdlocatie,p0013-demo-0000-0000-000000000000,20240013DEMO,2026-02-22T10:00:00.000,2026-02-25T06:00:00.000,,Request,Sem Slootweg,Goedgekeurd na overleg,True
a00425-demo,olivier.pronk@avondrood.local,u00425,Toegangspas hoofdlocatie,p0013-demo-0000-0000-000000000000,20240013DEMO,2026-07-22T03:00:00.000,2026-07-24T06:00:00.000,,Request,Puck Kalisvaart,Akkoord – zie ticket,True
a00426-demo,roos.gerritsen@avondrood.local,u00426,Toegangspas hoofdlocatie,p0013-demo-0000-0000-000000000000,20240013DEMO,2022-09-06T12:00:00.000,2022-09-07T02:00:00.000,,Request,roos.gerritsen@avondrood.local,"Akkoord, tijdelijk",True
a00427-demo,nora.kuiper2@avondrood.local,u00427,Toegangspas hoofdlocatie,p0013-demo-0000-0000-000000000000,20240013DEMO,2025-10-17T15:00:00.000,2025-10-20T15:00:00.000,,Request,Puck Kalisvaart,Nodig voor de functie,True
a00428-demo,vera.vandam@avondrood.local,u00428,Toegangspas hoofdlocatie,p0013-demo-0000-0000-000000000000,20240013DEMO,2026-03-09T11:00:00.000,2026-03-11T10:00:00.000,,Request,vera.vandam@avondrood.local,"Akkoord, tijdelijk",True
a00429-demo,elise.berkhout@avondrood.local,u00429,Toegangspas hoofdlocatie,p0013-demo-0000-0000-000000000000,20240013DEMO,2024-07-01T06:00:00.000,2024-07-03T06:00:00.000,,Request,Elise Berkhout,Akkoord,True
a00430-demo,kim.visser@avondrood.local,u00430,Toegangspas hoofdlocatie,p0013-demo-0000-0000-000000000000,20240013DEMO,2024-06-28T01:00:00.000,2024-06-29T13:00:00.000,,Request,,,
a00431-demo,finn.vermeulen@avondrood.local,u00431,Toegangspas hoofdlocatie,p0013-demo-0000-0000-000000000000,20240013DEMO,2025-08-14T00:00:00.000,2025-08-14T04:00:00.000,,Request,Sem Slootweg,Goedgekeurd na overleg,True
a00432-demo,roos.fokkema@avondrood.local,u00432,Toegangspas hoofdlocatie,p0013-demo-0000-0000-000000000000,20240013DEMO,2025-06-13T07:00:00.000,2025-06-16T07:00:00.000,,Request,Sem Slootweg,Goedgekeurd na overleg,True
a00433-demo,zoe.ipenburg@avondrood.local,u00433,Toegangspas hoofdlocatie,p0013-demo-0000-0000-000000000000,20240013DEMO,2024-01-08T11:00:00.000,2024-01-09T04:00:00.000,,Request,Rens de Graaf,Conform aanvraag,True
a00434-demo,anne.degroot@avondrood.local,u00434,Toegangspas hoofdlocatie,p0013-demo-0000-0000-000000000000,20240013DEMO,2025-01-07T10:00:00.000,2025-01-09T09:00:00.000,,Request,Tijn Vroegindeweij,Nodig voor de functie,True
a00435-demo,gijs.koster@avondrood.local,u00435,Toegangspas hoofdlocatie,p0013-demo-0000-0000-000000000000,20240013DEMO,2026-04-04T18:00:00.000,2026-04-05T00:00:00.000,,Request,Puck Kalisvaart,Akkoord – zie ticket,True
a00436-demo,maarten.terlouw@avondrood.local,u00436,Toegangspas hoofdlocatie,p0013-demo-0000-0000-000000000000,20240013DEMO,2025-05-13T06:00:00.000,2025-05-13T16:00:00.000,,Request,Roos Quaedvlieg,Akkoord,True
a00437-demo,maarten.muijs@avondrood.local,u00437,Toegangspas hoofdlocatie,p0013-demo-0000-0000-000000000000,20240013DEMO,2023-05-02T18:00:00.000,2023-05-02T22:00:00.000,,Request,Elise Berkhout,Akkoord – zie ticket,True
a00438-demo,sofie.quaedvlieg@avondrood.local,u00438,Toegangspas hoofdlocatie,p0013-demo-0000-0000-000000000000,20240013DEMO,2022-10-31T22:00:00.000,2022-11-01T21:00:00.000,,Request,Guusje Smits,Ok,True
